"seed","merit_mean","merit_median","nutrients_consumed_mean","nutrients_consumed_median","nutrients_consumed_sd","moves_off_path_mean","moves_off_path_median","moves_off_path_sd","base_score_mean","base_score_median","base_score_sd","task_quality_mean","task_quality_median","task_quality_max","task_quality_min","task_quality_sd","coverage_mean","coverage_median","coverage_max","coverage_min","coverage_sd","seed_order"
48,142.71253,100.438,74.46,70,8.3960308082649,8.48,4,10.716248401282,65.98,62,4.47209078168098,0.0544389438943894,0.0511551155115512,0.0594059405940594,0.0511551155115512,0.00368984387927473,0.0614356435643564,0.0577557755775578,0.0717821782178218,0.0544554455445545,0.0069274181586344,1
54,246.9730286,108.19,70.93,81,34.1195921085901,15.97,15,1.26694574278124,54.96,63,33.7563821126218,0.0453465346534653,0.051980198019802,0.0693069306930693,0.0033003300330033,0.0278518004229553,0.058523102310231,0.0668316831683168,0.0816831683168317,0.0156765676567657,0.0281514786374506,2
147,283.48372,284.407,214.89,211,39.3746303493952,139.37,135,38.5517244043046,75.52,76,3.51757492220611,0.0623102310231023,0.0627062706270627,0.066006600660066,0.0577557755775578,0.00290228953977402,0.17730198019802,0.174092409240924,0.222772277227723,0.141914191419142,0.0324873187701281,3
146,380.37375,306.358,99.57,97,4.98534215111023,21.54,20,2.88296984922062,78.03,77,7.19631639778086,0.0643811881188119,0.0635313531353135,0.0726072607260726,0.0561056105610561,0.00593755478364758,0.0821534653465347,0.08003300330033,0.0874587458745875,0.0767326732673267,0.00411331860652659,4
168,427.44136,382.909,73.39,94,33.4122988908533,297.99,14,421.267819393513,-224.6,80,454.642805736636,0.0480858085808581,0.066006600660066,0.0759075907590759,0,0.0333325411654966,0.0605528052805281,0.0775577557755776,0.0816831683168317,0.0206270627062706,0.0275679033752915,5
78,470.7181,515.526,94.46,96,1.77763888346312,12.58,12,3.66853946662453,81.88,84,5.22093687169092,0.0675577557755776,0.0693069306930693,0.0717821782178218,0.0602310231023102,0.00430770368951396,0.0779372937293729,0.0792079207920792,0.0792079207920792,0.0759075907590759,0.00146669874873195,6
22,8093.79333,555.315,120.64,106,25.7303499605215,15.16,17,6.55161326419962,105.48,85,23.3629595468528,0.087029702970297,0.0701320132013201,0.10973597359736,0.0693069306930693,0.0192763692630798,0.0995379537953795,0.0874587458745875,0.123762376237624,0.0742574257425743,0.0212296616835986,7
13,981.95732,867.504,76.41,97,40.9032104640042,226.4,6,387.383609108672,-149.99,91,428.250080224302,0.0594141914191419,0.0750825082508251,0.0816831683168317,0,0.0345874226019741,0.0630445544554455,0.08003300330033,0.0841584158415842,0.00495049504950495,0.033748523485152,8
128,836.59579,934.459,77.88,94,34.9993593014951,207.81,2,427.957863851482,-129.93,92,462.949094110112,0.0622607260726073,0.0759075907590759,0.0792079207920792,0,0.0303511532612672,0.0642574257425743,0.0775577557755776,0.0792079207920792,0.00495049504950495,0.0288773591596494,9
156,1408.74085,934.459,171.51,172,6.06612551699013,78.53,80,4.54262639289812,92.98,92,10.5274820725508,0.0767161716171617,0.0759075907590759,0.0907590759075908,0.0676567656765677,0.00868604131398582,0.141509900990099,0.141914191419142,0.149339933993399,0.136138613861386,0.00500505405692255,10
26,2335.99349,1084.27,114.9,112,9.15577865767204,15.15,12,4.36324177508865,99.75,94,10.4614491917668,0.0823019801980198,0.0775577557755776,0.0957095709570957,0.0759075907590759,0.00863155873908156,0.0948019801980198,0.0924092409240924,0.105610561056106,0.0874587458745875,0.00755427281986142,11
178,1058.76568,1084.27,95.28,97,2.97491193316727,2.4,4,2.34413086131075,92.88,94,4.87682625725321,0.0766336633663366,0.0775577557755776,0.08003300330033,0.070957095709571,0.00402378404063796,0.0786138613861386,0.08003300330033,0.0808580858085809,0.0750825082508251,0.00245454779964295,12
129,1232.72835,1355.2,106.45,112,7.95489176735316,13.68,15,3.41972885687527,92.77,97,9.72745256135096,0.076542904290429,0.08003300330033,0.084983498349835,0.0643564356435644,0.00802595095821036,0.0878300330033003,0.0924092409240924,0.0924092409240924,0.0767326732673267,0.00656344205227158,13
55,3361.3454,1459.8,121.54,103,23.2354744459258,15.44,5,14.7554612385935,106.1,98,9.37598479676087,0.0875412541254125,0.0808580858085809,0.0965346534653465,0.08003300330033,0.00773596105343306,0.100280528052805,0.084983498349835,0.128712871287129,0.0833333333333333,0.0191711835362424,14
90,1073.89782,1459.8,80.81,101,38.8232709033688,231.69,3,443.206741894351,-150.88,98,481.984078700959,0.0628135313531353,0.0808580858085809,0.0825082508250825,0,0.0327182188071656,0.0666749174917492,0.0833333333333333,0.084983498349835,0.00495049504950495,0.0320324017354528,15
92,1382.54603,1572.46,103.09,103,8.05422907922329,8.58,11,4.26207138903756,94.51,99,9.48948913484831,0.0779785478547855,0.0816831683168317,0.0866336633663366,0.066006600660066,0.00782961149739959,0.0850577557755776,0.084983498349835,0.0957095709570957,0.0775577557755776,0.00664540353071229,16
15,4983.71237,1693.83,135.18,125,20.4155713991932,30,29,5.3748384988657,105.18,100,17.5000028860026,0.0867821782178218,0.0825082508250825,0.106435643564356,0.066006600660066,0.0144389462755797,0.111534653465347,0.103135313531353,0.13036303630363,0.0899339933993399,0.0168445308574201,17
83,1122.66835,1693.83,102.28,107,5.86046504170535,13.37,7,7.83369438239504,88.91,100,13.6767110169962,0.0733580858085809,0.0825082508250825,0.0841584158415842,0.0585808580858086,0.0112844150305249,0.0843894389438944,0.0882838283828383,0.0891089108910891,0.0783828382838284,0.00483536719612652,18
166,1485.91914,1693.83,244.17,186,82.0770831338296,147.11,86,81.474653057924,97.06,100,5.99464407415132,0.0800825082508251,0.0825082508250825,0.0858085808580858,0.0717821782178218,0.00494607596877172,0.201460396039604,0.153465346534653,0.312706270627063,0.138613861386139,0.0677203656219716,19
127,6001.938,1824.56,134.94,132,7.85451038151541,25.37,31,7.16847052703502,109.57,101,14.6909269051797,0.0904042904290429,0.0833333333333333,0.107260726072607,0.0767326732673267,0.0121212268194552,0.111336633663366,0.108910891089109,0.121287128712871,0.103135313531353,0.00648061912666288,20
82,1684.03734,1965.38,118.41,116,12.2434026761725,21.58,20,5.70518105839691,96.83,102,10.2415819090607,0.0798927392739274,0.0841584158415842,0.0882838283828383,0.0668316831683168,0.0084501500899841,0.0976980198019802,0.0957095709570957,0.108910891089109,0.0833333333333333,0.0101018173895813,21
93,162403.7109,2280.47,129.48,108,33.6342418113181,8.05,5,4.34002979089529,121.43,104,32.7393301301926,0.100189768976898,0.0858085808580858,0.149339933993399,0.0841584158415842,0.0270126486222711,0.106831683168317,0.0891089108910891,0.156765676567657,0.0882838283828383,0.0277510245967972,22
25,2914.91512,2324.588,239.68,197.5,86.4700426901033,142.16,105,78.8619456052567,97.52,98,18.3349751330978,0.0804620462046205,0.0808580858085809,0.0973597359735974,0.0618811881188119,0.0151278672715328,0.197755775577558,0.162953795379538,0.330858085808581,0.153465346534653,0.0713449197113063,23
99,4210.855,2456.48,103.42,129,53.5560086321419,454.32,24,774.708584898316,-350.9,105,828.070319807113,0.0702805280528053,0.0866336633663366,0.104785478547855,0,0.0402951138229269,0.0853300330033003,0.106435643564356,0.117161716171617,0.00742574257425743,0.0441881259341105,24
130,5442.83109,2646.07,193.16,180,24.7988758298485,82.34,74,17.2288341820544,110.82,106,12.4303148501045,0.0914356435643564,0.0874587458745875,0.103960396039604,0.0759075907590759,0.0102560353548717,0.159372937293729,0.148514851485149,0.197194719471947,0.143564356435644,0.0204611186714921,25
153,6497.7939,2646.07,131.89,124,20.0044919198088,20.48,26,10.340154151597,111.41,106,12.8472730274726,0.0919224422442244,0.0874587458745875,0.108910891089109,0.0808580858085809,0.0106000602536902,0.108820132013201,0.102310231023102,0.136963696369637,0.0957095709570957,0.0165053563694792,26
94,3772.34456,2850.3,122.72,130,16.796512384505,17.2,18,4.36005745490825,105.52,107,14.2888527577029,0.0870627062706271,0.0882838283828383,0.099009900990099,0.0668316831683168,0.0117894824733522,0.101254125412541,0.107260726072607,0.113861386138614,0.0767326732673267,0.0138585085680734,27
152,2683.7325,2850.3,122.97,113,15.6324287390932,18.01,14,14.2272288378321,104.96,107,6.08677984560711,0.0866006600660066,0.0882838283828383,0.0924092409240924,0.0792079207920792,0.00502209558218408,0.101460396039604,0.0932343234323432,0.122937293729373,0.0907590759075908,0.0128980435141033,28
199,3164.34338,3562.51,114.49,118,9.2250153978684,9.49,8,5.7515830056348,105,110,10.0804841955216,0.0866336633663366,0.0907590759075908,0.0973597359735974,0.0742574257425743,0.0083172311844238,0.094463696369637,0.0973597359735974,0.104785478547855,0.0841584158415842,0.00761139884312574,29
96,6939.62394,3837.47,217.65,230,19.1645585138375,103.97,126,30.8323767255373,113.68,111,13.6091769394661,0.0937953795379538,0.0915841584158416,0.107260726072607,0.0750825082508251,0.011228693844444,0.179579207920792,0.18976897689769,0.195544554455446,0.153465346534653,0.0158123420081168,30
139,4318.45947,3837.47,118.04,123,11.930709039358,14.56,12,6.2673113788284,103.48,111,18.0013916409288,0.0853795379537954,0.0915841584158416,0.103960396039604,0.0643564356435644,0.014852633367103,0.0973927392739274,0.101485148514851,0.110561056105611,0.0841584158415842,0.00984381933940427,31
46,4665.4633,4452.69,164.99,174,37.3469929015427,54.05,61,27.7770252423317,110.94,113,9.94105861891209,0.0915346534653465,0.0932343234323432,0.0998349834983498,0.0759075907590759,0.00820219357996047,0.136130363036304,0.143564356435644,0.157590759075908,0.0759075907590759,0.0308143505788306,32
74,4569.70035,4796.36,126.94,135,13.9021254097743,19.9,20,4.25096542807714,107.04,114,17.6279850971646,0.0883168316831683,0.0940594059405941,0.0998349834983498,0.0561056105610561,0.0145445421593768,0.10473597359736,0.111386138613861,0.112211221122112,0.0792079207920792,0.0114704005031141,33
121,9165.668,4796.36,152.63,151,2.50516637887758,32.59,36,6.28143810336969,120.04,114,8.35079382907742,0.099042904290429,0.0940594059405941,0.108910891089109,0.0924092409240924,0.00689009391838071,0.125932343234323,0.124587458745875,0.128712871287129,0.123762376237624,0.00206696895946995,34
187,4911.8305,4796.36,131.78,131.5,3.90694796794665,17.73,19,3.15221583119948,114.05,114,2.68318746074421,0.0941006600660066,0.0940594059405941,0.0973597359735974,0.0915841584158416,0.00221385104021799,0.108729372937294,0.108498349834983,0.113036303630363,0.103135313531353,0.00322355442899888,35
81,11609.9235,5166.54,170.07,156,15.3664037313993,50.34,46,22.0335923516614,119.73,115,11.6565800553103,0.0987871287128713,0.0948844884488449,0.116336633663366,0.0907590759075908,0.00961764030966199,0.140321782178218,0.128712871287129,0.157590759075908,0.127887788778878,0.0126785509334978,36
58,18057.4084,5565.3,131.88,137,23.6422323716512,14.99,16,5.54776322202712,116.89,116,20.3370066229974,0.0964438943894389,0.0957095709570957,0.122112211221122,0.0767326732673267,0.0167797084348163,0.108811881188119,0.113036303630363,0.135313531353135,0.0816831683168317,0.0195067923858508,37
162,5280.0618,5565.3,103.85,134,51.9726763877818,19.3,18,3.11885759971063,84.55,116,55.0201753629493,0.07,0.0957095709570957,0.102310231023102,0,0.0450203870127857,0.0856848184818482,0.110561056105611,0.115511551155116,0.018976897689769,0.0428817461945394,38
14,53586.66719,5994.84,134.17,137,33.9337009565131,19.39,19,2.18763744156969,114.78,117,35.7532452436775,0.0947029702970297,0.0965346534653465,0.132838283828383,0.0602310231023102,0.0294993772637603,0.110701320132013,0.113036303630363,0.146864686468647,0.0792079207920792,0.0279981030994333,39
34,5304.73384,6955.92,121.92,127,12.2033941296194,11.16,12,2.32561493985674,110.76,119,13.317505757309,0.0913861386138614,0.0981848184818482,0.099009900990099,0.0750825082508251,0.0109880410538853,0.100594059405941,0.104785478547855,0.108910891089109,0.0858085808580858,0.0100688070376397,40
50,8841.8484,7492.79,151.36,155,6.24017611769075,29.8,37,8.11035004039763,121.56,120,4.10055428625759,0.10029702970297,0.099009900990099,0.105610561056106,0.0973597359735974,0.00338329561572408,0.124884488448845,0.127887788778878,0.13036303630363,0.116336633663366,0.00514866016311117,41
185,8029.11621,7492.79,127.3,135,20.8188434458844,16.95,19,3.58553491212408,110.35,120,22.9652240387834,0.0910478547854786,0.099009900990099,0.107260726072607,0.0618811881188119,0.0189482046524616,0.10503300330033,0.111386138613861,0.122937293729373,0.0792079207920792,0.0171772635692115,42
2,219583.3446,8071.09,158.54,135,31.2682819250667,20.22,14,16.025598209733,138.32,121,27.9005738328447,0.114125412541254,0.0998349834983498,0.150990099009901,0.0915841584158416,0.0230202754396409,0.130808580858086,0.111386138613861,0.16006600660066,0.100660066006601,0.025798912479428,43
36,6602.5061,8071.09,120.55,133,21.3756091531134,159.39,15,206.034757046259,-38.84,121,227.35669123759,0.0672607260726073,0.0998349834983498,0.105610561056106,0,0.0485636130381381,0.099463696369637,0.10973597359736,0.113861386138614,0.0750825082508251,0.0176366412154401,44
191,7461.8844,8071.09,145.99,138,11.3542543088083,29.58,35,8.33052073747949,116.41,121,10.9194433202541,0.0960478547854785,0.0998349834983498,0.105610561056106,0.0825082508250825,0.00900944168337799,0.120453795379538,0.113861386138614,0.134488448844884,0.112211221122112,0.00936819662442925,45
108,16567.8058,8694.03,150.04,160,19.6802315827715,27.9,28.5,15.4948671853265,122.14,122,14.8718566834179,0.100775577557756,0.100660066006601,0.11963696369637,0.0874587458745875,0.0122705088147012,0.123795379537954,0.132013201320132,0.136963696369637,0.0957095709570957,0.0162378148372702,46
112,10573.4895,8694.03,141.31,143,3.66444836478587,17.36,17,2.05735929597318,123.95,122,4.28616519994413,0.10226897689769,0.100660066006601,0.107260726072607,0.0981848184818482,0.0035364399339473,0.116592409240924,0.117986798679868,0.11963696369637,0.112211221122112,0.00302347224817316,47
137,6629.99259,8694.03,144.88,151,9.23353571597478,29.93,32,9.29021968621743,114.95,122,11.9573104303298,0.0948432343234323,0.100660066006601,0.100660066006601,0.0759075907590759,0.00986576768179022,0.11953795379538,0.124587458745875,0.128712871287129,0.10973597359736,0.00761842880856005,48
69,20011.2253,9365.04,166.21,156,14.7991912145921,39.29,33,8.32459541893111,126.92,123,14.7625515847678,0.104719471947195,0.101485148514851,0.118811881188119,0.0858085808580858,0.0121803230897424,0.13713696369637,0.128712871287129,0.157590759075908,0.126237623762376,0.0122105538074192,49
183,13524.38012,9365.04,151.86,152,9.72554690628052,32.46,29,8.76450601326542,119.4,123,18.2961054530049,0.0985148514851485,0.101485148514851,0.114686468646865,0.0759075907590759,0.0150957965783869,0.12529702970297,0.125412541254125,0.134488448844884,0.113861386138614,0.00802437863554498,50
7,12224.6363,10087.8,137.13,138,22.5476622004826,25.63,24,9.00690531949478,111.5,124,29.5496500517657,0.091996699669967,0.102310231023102,0.110561056105611,0.0552805280528053,0.024380899382645,0.113143564356436,0.113861386138614,0.13036303630363,0.0866336633663366,0.0186036816835665,51
132,33387.9727,10866.4,172.82,140,41.6059873313707,46.27,26,28.1990955510809,126.55,125,19.2082552749351,0.104414191419142,0.103135313531353,0.128712871287129,0.0858085808580858,0.0158483954413656,0.142590759075908,0.115511551155116,0.188943894389439,0.107260726072607,0.0343283723856194,52
173,14372.1292,10866.4,159.12,188,53.9287371154627,115.22,63,85.1013157324488,43.9,125,138.683601821345,0.0771122112211221,0.103135313531353,0.117161716171617,0,0.0487852616222389,0.131287128712871,0.155115511551155,0.168316831683168,0.0610561056105611,0.0444956576860253,53
184,13426.5333,11705.1,135.51,134,23.7591003298704,13.15,8,12.1658364183305,122.36,126,12.3087551988597,0.100957095709571,0.103960396039604,0.115511551155116,0.0899339933993399,0.0101557386129205,0.111806930693069,0.110561056105611,0.143564356435644,0.0940594059405941,0.0196032180939525,54
8,13079.567,12608.5,121.24,143,45.2213679714814,47.04,16,64.2521736455804,74.2,127,109.471457467232,0.0849587458745875,0.104785478547855,0.10973597359736,0,0.0440784790945052,0.10003300330033,0.117986798679868,0.12046204620462,0.0280528052805281,0.0373113597124434,55
70,15265.4679,13581.7,151.1,143,18.489145054558,25.14,20,17.8087596196905,125.96,128,10.9599085744178,0.103927392739274,0.105610561056106,0.113861386138614,0.0874587458745875,0.00904282885678033,0.1246699669967,0.117986798679868,0.146039603960396,0.106435643564356,0.015255070177028,56
72,16394.6021,15759.1,142.93,151,8.83891190341683,13.59,11,5.77541812732676,129.34,130,5.42575228689883,0.106716171617162,0.107260726072607,0.115511551155116,0.100660066006601,0.00447669330602214,0.11792904290429,0.124587458745875,0.124587458745875,0.107260726072607,0.00729283160347923,57
57,47852.536,16975.4,186.48,174,32.1249077348044,56.86,46,13.8680797648282,129.62,131,22.8874188014712,0.106947194719472,0.108085808580858,0.133663366336634,0.0808580858085809,0.018884008912105,0.153861386138614,0.143564356435644,0.184818481848185,0.118811881188119,0.0265056994511588,58
114,10147.535,16975.4,145.86,162,20.8549681603616,28.07,31,8.1973819422466,117.79,131,14.3028534272577,0.0971864686468647,0.108085808580858,0.108910891089109,0.0841584158415842,0.0118010341809057,0.120346534653465,0.133663366336634,0.138613861386139,0.0957095709570957,0.0172070694392423,59
133,20398.36,16975.4,120.6,149,57.3150076420661,165.44,21,250.557693914591,-44.84,131,307.527077562844,0.0833498349834983,0.108085808580858,0.117986798679868,0,0.0497909557858073,0.0995049504950495,0.122937293729373,0.135313531353135,0.0206270627062706,0.0472896102657311,60
151,14828.6888,16975.4,159.99,164,19.2938442059229,31.99,29,15.2815297504913,128,131,5.83614650780856,0.105610561056106,0.108085808580858,0.111386138613861,0.0981848184818482,0.00481530239918198,0.13200495049505,0.135313531353135,0.150990099009901,0.113861386138614,0.0159190133712235,61
160,59600.537,16975.4,186.28,179,15.5323578832752,48.49,48,2.53658085308599,137.79,131,14.540292328908,0.113688118811881,0.108085808580858,0.136963696369637,0.103960396039604,0.0119969408654356,0.153696369636964,0.147689768976898,0.177392739273927,0.141089108910891,0.0128154768013822,62
167,47734.9258,16975.4,167.34,162,12.7993213203914,30.96,31,5.89456178064651,136.38,131,14.2727967572136,0.112524752475248,0.108085808580858,0.132838283828383,0.099009900990099,0.011776234948196,0.138069306930693,0.133663366336634,0.151815181518152,0.122937293729373,0.0105604961389368,63
138,43965.004,18285.5,169.99,159,23.2141958484219,31.89,27,12.1629467123421,138.1,132,11.4534631523316,0.113943894389439,0.108910891089109,0.131188118811881,0.103960396039604,0.00945005210588418,0.140255775577558,0.131188118811881,0.177392739273927,0.123762376237624,0.0191536269376418,64
175,13019.636,18285.5,105.84,132,47.3531157977759,105.6,0,186.611247184508,0.24,132,233.958690992468,0.0821782178217822,0.108910891089109,0.108910891089109,0,0.0464237655910275,0.0873267326732673,0.108910891089109,0.10973597359736,0.0181518151815182,0.0390702275559207,65
6,22899.30298,19696.8,160.97,169,34.8913045229486,38.16,36,9.60504917722807,122.81,133,26.4100130230712,0.101328382838284,0.10973597359736,0.118811881188119,0.0651815181518152,0.0217904397880125,0.132813531353135,0.139438943894389,0.161716171617162,0.0866336633663366,0.0287882050519378,66
47,17905.4038,19696.8,152.61,158,14.5407091375291,24.9,30,8.73573873883207,127.71,133,10.9029650308825,0.105371287128713,0.10973597359736,0.117161716171617,0.0932343234323432,0.00899584573505156,0.125915841584158,0.13036303630363,0.137788778877888,0.104785478547855,0.0119972847669382,67
180,30201.816,19696.8,141.9,162,53.0411504057334,31.25,29,5.7583930839333,110.65,133,58.6360758743233,0.0916419141914191,0.10973597359736,0.121287128712871,0,0.0477071659001654,0.117079207920792,0.133663366336634,0.143564356435644,0.033003300330033,0.0437633254172718,68
35,20702.0863,21217.1,150.8,158,18.1925725770078,23.25,23,2.52412601135762,127.55,134,15.9502857705314,0.105239273927393,0.110561056105611,0.116336633663366,0.084983498349835,0.0131603017908675,0.124422442244224,0.13036303630363,0.138613861386139,0.101485148514851,0.0150103734133728,69
125,23902.5,21217.1,212.48,212,3.99363129358369,77.93,77,4.39755441677358,134.55,134,5.27501256640755,0.111014851485149,0.110561056105611,0.117986798679868,0.106435643564356,0.00435232059934617,0.175313531353135,0.174917491749175,0.17986798679868,0.16996699669967,0.00329507532473902,70
30,128347.934,22854.6,141.79,163,53.6651223192061,325.04,28,535.606894894554,-183.25,135,588.983362681113,0.0959158415841584,0.111386138613861,0.141089108910891,0,0.0568369924669497,0.116988448844884,0.134488448844884,0.148514851485149,0.0412541254125413,0.0442781537287179,71
60,29633.706,22854.6,314.1,227,94.9007455985016,176.75,97,91.7681944638311,137.35,135,5.61630922340724,0.113325082508251,0.111386138613861,0.11963696369637,0.107260726072607,0.0046339185011611,0.259158415841584,0.187293729372937,0.364686468646865,0.183168316831683,0.0783009452132851,72
87,44607.152,22854.6,147.56,165,48.0236305469411,64.02,36,49.4182275291335,83.54,135,96.6901141886707,0.0845214521452145,0.111386138613861,0.127887788778878,0,0.0559338009322757,0.121749174917492,0.136138613861386,0.157590759075908,0.0627062706270627,0.0396234575469811,73
113,25561.808,22854.6,154.37,153,3.21817753808995,20.33,18,6.24912923227038,134.04,135,9.17167356372848,0.110594059405941,0.111386138613861,0.117161716171617,0.0981848184818482,0.00756738742881888,0.12736798679868,0.126237623762376,0.13036303630363,0.123762376237624,0.00265526199512372,74
61,39854.46,24618.6,158.77,157,9.23853917351689,17.5,12,11.0439891782678,141.27,136,5.74870209330556,0.116559405940594,0.112211221122112,0.122112211221122,0.112211221122112,0.00474315354233132,0.130998349834984,0.12953795379538,0.142739273927393,0.122112211221122,0.00762255707385882,75
155,25850.7976,24618.6,142.29,147,15.9995549180519,14.28,19,6.28944923798354,128.01,136,20.1030150007707,0.105618811881188,0.112211221122112,0.121287128712871,0.0783828382838284,0.0165866460402399,0.11740099009901,0.121287128712871,0.128712871287129,0.0957095709570957,0.0132009529026831,76
163,32013.527,24618.6,162.4,164,3.42008328801649,26.43,28,13.0036941138301,135.97,136,9.71872606691002,0.112186468646865,0.112211221122112,0.124587458745875,0.102310231023102,0.00801875088028879,0.133993399339934,0.135313531353135,0.136963696369637,0.12953795379538,0.00282185089770337,77
194,40461.7368,24618.6,209.19,195,19.0955571542258,73.16,59,28.2738127044883,136.03,136,13.8312010039664,0.11223597359736,0.112211221122112,0.13036303630363,0.0965346534653465,0.0114118820164739,0.17259900990099,0.160891089108911,0.194719471947195,0.157590759075908,0.0157554101932556,78
89,37107.49247,30191.75,157.44,166.5,27.1484210899413,29.8,31,1.74077655955698,127.64,137,28.1053285863997,0.105313531353135,0.113036303630363,0.127887788778878,0.0627062706270627,0.0231892150052803,0.12990099009901,0.137376237623762,0.150990099009901,0.0891089108910891,0.0223996873679383,79
33,30610.273,30770.1,183.78,195,27.8130773688794,45.23,56,24.9524213921882,138.55,139,3.3314388555825,0.114315181518152,0.114686468646865,0.117161716171617,0.10973597359736,0.00274871192704827,0.151633663366337,0.160891089108911,0.180693069306931,0.11963696369637,0.0229480836376893,80
56,101532.7867,30770.1,164.15,164,31.9944360693221,28.84,27,3.02087016696457,135.31,139,29.9527220057803,0.111641914191419,0.114686468646865,0.14026402640264,0.0775577557755776,0.0247134670014689,0.135437293729373,0.135313531353135,0.166666666666667,0.0998349834983498,0.026398049562147,81
106,54678.904,30770.1,186.28,182,7.15778872235968,42.39,43,9.71086551708493,143.89,139,8.51011875429017,0.118721122112211,0.114686468646865,0.12953795379538,0.111386138613861,0.00702155012730212,0.153696369636964,0.15016501650165,0.165016501650165,0.15016501650165,0.00590576627257399,82
117,58071.019,30770.1,162.95,154,20.1736777194262,18.65,7,16.1228710128491,144.3,139,9.23705755764423,0.119059405940594,0.114686468646865,0.13036303630363,0.111386138613861,0.00762133461851834,0.134447194719472,0.127062706270627,0.166666666666667,0.12046204620462,0.0166449486133879,83
3,165451.22,33145,190.44,199,30.2756094117447,40.6,41,15.6527985041047,149.84,140,21.6728289605099,0.123630363036304,0.115511551155116,0.141089108910891,0.0957095709570957,0.0178818720796286,0.157128712871287,0.164191419141914,0.174917491749175,0.108085808580858,0.0249798757522646,84
45,165173.98,33145,115.61,151,77.4463509322891,107.55,11,148.996873060538,8.06,140,225.595768819122,0.0893234323432343,0.115511551155116,0.146864686468647,0,0.0601552966974443,0.0953877887788779,0.124587458745875,0.154290429042904,0,0.0638996294820867,85
181,453886.002,33145,199.97,207,41.2975052441905,56.1,67,14.664944802508,143.87,140,29.4143698133268,0.118704620462046,0.115511551155116,0.16006600660066,0.0981848184818482,0.024269282024197,0.164991749174917,0.170792079207921,0.217821782178218,0.125412541254125,0.0340738492113783,86
105,123021.5961,35032,156.39,152.5,25.2005671733512,13.91,14,6.32949644541533,142.48,139,20.1872446977008,0.117557755775578,0.114686468646865,0.144389438943894,0.0998349834983498,0.0166561424898521,0.129034653465347,0.125825082508251,0.16006600660066,0.107260726072607,0.020792547172732,87
12,34237.1443,35703.1,147.71,161,18.1621734782637,20.82,20,4.4955196551341,126.89,141,22.5105564461466,0.104694719471947,0.116336633663366,0.125412541254125,0.0816831683168317,0.0185730663747084,0.121872937293729,0.132838283828383,0.137788778877888,0.103135313531353,0.0149852916487324,88
88,82235.819,35703.1,171.78,163,13.1029952624766,26.12,26.5,6.12542309402445,145.66,141,13.6679378566236,0.120181518151815,0.116336633663366,0.137788778877888,0.105610561056106,0.0112771764493594,0.141732673267327,0.134488448844884,0.159240924092409,0.132013201320132,0.0108110521967629,89
17,29850526.33,38458.7,372.24,387,68.6462340885897,210.73,231,63.4833717192816,161.51,142,40.770729993985,0.133259075907591,0.117161716171617,0.212046204620462,0.115511551155116,0.0336392161666543,0.307128712871287,0.319306930693069,0.362211221122112,0.223597359735974,0.0566388070037869,90
66,84841.312,38458.7,212.02,208,25.5133080741971,63.84,66,17.199201296936,148.18,142,10.2488038227873,0.122260726072607,0.117161716171617,0.136138613861386,0.115511551155116,0.008456108764676,0.17493399339934,0.171617161716172,0.202145214521452,0.148514851485149,0.0210505842196345,91
109,28802535.962,38458.7,424.23,271,230.21653640945,259.19,129,189.618047504434,165.04,142,45.0844146512345,0.136171617161716,0.117161716171617,0.207920792079208,0.115511551155116,0.0371983619234608,0.350024752475248,0.223597359735974,0.682343234323432,0.181518151815182,0.189947637301526,92
1,230197.778,41427,162.85,154,34.3829811671326,14.97,11,12.9602773071716,147.88,143,21.5295333920828,0.122013201320132,0.117986798679868,0.150990099009901,0.107260726072607,0.0177636414126096,0.134364686468647,0.127062706270627,0.180693069306931,0.108910891089109,0.0283687963425186,93
49,35923.4036,41427,169.56,172,16.2966935978505,33.84,31.5,11.7453794912697,135.72,143,13.5154830778734,0.111980198019802,0.117986798679868,0.124587458745875,0.0948844884488449,0.0111513886781134,0.13990099009901,0.141914191419142,0.16006600660066,0.125412541254125,0.0134461168299097,94
76,53078.71,41427,134.82,166,62.3657151345387,57.88,23,58.1412908092837,76.94,143,120.446125263161,0.0902145214521452,0.117986798679868,0.127062706270627,0,0.0552470220117419,0.111237623762376,0.136963696369637,0.146039603960396,0.0272277227722772,0.0514568606720616,95
23,52959.197,45464.3,151.07,186,75.3704996813888,232.19,44,344.903198101447,-81.12,142,419.130516062657,0.0932343234323432,0.117161716171617,0.12953795379538,0,0.0517053035089033,0.124645214521452,0.153465346534653,0.168316831683168,0.0132013201320132,0.0621868809252382,96
107,107543.195,48068.5,384.84,503,133.380803670839,234.84,349,124.664537333946,150,145,11.963749961083,0.123762376237624,0.11963696369637,0.138613861386139,0.115511551155116,0.00987108082597607,0.317524752475248,0.415016501650165,0.426567656765677,0.182343234323432,0.110050168045246,97
111,56983.842,48068.5,176.79,172,7.2603739781798,32.16,33,6.64347481185543,144.63,145,9.29826202941586,0.119331683168317,0.11963696369637,0.127062706270627,0.108085808580858,0.00767183335760385,0.145866336633663,0.141914191419142,0.154290429042904,0.138613861386139,0.00599040757275561,98
149,67910.829,48068.5,118.5,158,74.4346367729107,8.86,11,4.978783267856,109.64,145,69.5433183800797,0.0906930693069307,0.11963696369637,0.132838283828383,0,0.0570077235434806,0.0977722772277228,0.13036303630363,0.142739273927393,0,0.0614147168093323,99
193,36207.3,48068.5,130.95,177,77.1457200446799,394.41,40,551.102734652455,-263.46,145,628.04677848039,0.0841089108910891,0.11963696369637,0.122937293729373,0,0.0553825982666562,0.108044554455446,0.146039603960396,0.155940594059406,0.0115511551155116,0.0636515841952804,100
71,54888.662697,51778.5,172.62,174,25.6222677774745,43.03,42,14.6814354017087,129.59,146,37.8700849396108,0.106922442244224,0.12046204620462,0.131188118811881,0.047029702970297,0.0312459446696458,0.142425742574257,0.143564356435644,0.164191419141914,0.103960396039604,0.0211404849649129,101
104,74448.871,51778.5,159.9,157,18.2078349214082,14.23,11,5.76624626248272,145.67,146,13.2771962173472,0.120189768976898,0.12046204620462,0.132013201320132,0.103135313531353,0.0109547823575472,0.131930693069307,0.12953795379538,0.15016501650165,0.111386138613861,0.0150229661067725,102
161,89187.277,51778.5,159.48,172,21.3297724300845,16.53,13,10.9003336062376,142.95,146,19.8567470659321,0.117945544554455,0.12046204620462,0.136963696369637,0.0948844884488449,0.0163834546748615,0.131584158415842,0.141914191419142,0.147689768976898,0.105610561056106,0.0175988221370334,103
177,46019.473052,55774.8,170.56,189,29.0990367434034,48.72,47.5,12.6139893480503,121.84,147,39.6537335677057,0.100528052805281,0.121287128712871,0.127887788778878,0.0495049504950495,0.0327176019535525,0.140726072607261,0.155940594059406,0.164191419141914,0.103960396039604,0.0240091062239302,104
103,70869.147,60079.6,196.31,193,18.0340278810964,47.69,38,17.838611510038,148.62,148,6.40987243605243,0.122623762376238,0.122112211221122,0.13036303630363,0.117161716171617,0.00528867362710596,0.161971947194719,0.159240924092409,0.187293729372937,0.148514851485149,0.0148795609580003,105
115,150668.30114,60079.6,202.88,218,32.8705081042308,61.57,68,9.89669366276159,141.31,148,29.4613923018522,0.116592409240924,0.122112211221122,0.144389438943894,0.0726072607260726,0.0243080794569738,0.167392739273927,0.17986798679868,0.200495049504951,0.127062706270627,0.0271208812741178,106
172,73781.134,64716.6,151.91,205,90.1898217061878,431.33,56,575.497186102696,-279.42,149,665.590057654473,0.089009900990099,0.122937293729373,0.134488448844884,0,0.0587132077447684,0.125338283828383,0.169141914191419,0.178217821782178,0.0123762376237624,0.0744140443120361,107
20,103215.606,69711.5,157.92,162,12.8689431178204,8.7,11,3.1091263510296,149.22,150,14.9400012169891,0.123118811881188,0.123762376237624,0.136138613861386,0.103960396039604,0.0123267336773838,0.13029702970297,0.133663366336634,0.14026402640264,0.113036303630363,0.0106179398661885,108
28,74098.902,69711.5,214.11,199,35.2305236688273,65.01,63,31.1102617127916,149.1,150,7.37522470125076,0.123019801980198,0.123762376237624,0.12953795379538,0.112211221122112,0.00608516889542143,0.176658415841584,0.164191419141914,0.219471947194719,0.154290429042904,0.0290680888356661,109
59,82362.723,69711.5,210.96,210,8.62217015500264,59.9,60,3.62232137188463,151.06,150,5.4044874732471,0.12463696369637,0.123762376237624,0.132013201320132,0.12046204620462,0.00445914808023688,0.174059405940594,0.173267326732673,0.185643564356436,0.166666666666667,0.00711400177805498,110
65,76321.622,69711.5,196.03,195,2.82290415685476,45.12,47,3.85410708389653,150.91,150,2.84301376583499,0.124513201320132,0.123762376237624,0.128712871287129,0.122112211221122,0.00234572092890676,0.161740924092409,0.160891089108911,0.164191419141914,0.158415841584158,0.0023291288422894,111
98,72127.3242,69711.5,182.75,192,24.2238612641638,42.5,42,7.17388642680148,140.25,150,18.4124326683813,0.115717821782178,0.123762376237624,0.134488448844884,0.0981848184818482,0.0151917761290275,0.150783828382838,0.158415841584158,0.177392739273927,0.127887788778878,0.0199866842113563,112
157,49111.819,69711.5,158.11,176,21.0880285824671,16.9,23,10.2222771188688,141.21,150,11.1918937114541,0.116509900990099,0.123762376237624,0.126237623762376,0.106435643564356,0.00923423573552315,0.130453795379538,0.145214521452145,0.148514851485149,0.111386138613861,0.0173993635168871,113
51,75384.262,80887.6,173.91,173,15.7288225428943,27.71,23,6.42327679992734,146.2,152,12.2044866729205,0.120627062706271,0.125412541254125,0.132838283828383,0.108085808580858,0.010069708476007,0.143490099009901,0.142739273927393,0.162541254125413,0.127062706270627,0.0129775763555233,114
86,1091578.642,80887.6,217.08,205,19.379089011331,49.33,52,4.82220243909734,167.75,152,23.6350087024235,0.138407590759076,0.125412541254125,0.16996699669967,0.117986798679868,0.0195008322627257,0.179108910891089,0.169141914191419,0.202970297029703,0.160891089108911,0.015989347369085,115
186,70723.182,80887.6,169.83,156,23.9553688548037,21.25,2,30.5383927924086,148.58,152,7.039828969456,0.122590759075908,0.125412541254125,0.128712871287129,0.113861386138614,0.00580843974377558,0.140123762376238,0.128712871287129,0.172442244224422,0.127062706270627,0.0197651558207951,116
135,71240.593,87130.6,165.01,157,19.2419443986938,15.1,4,17.040948899458,149.91,153,3.25078079199071,0.123688118811881,0.126237623762376,0.126237623762376,0.12046204620462,0.0026821623696293,0.136146864686469,0.12953795379538,0.16006600660066,0.123762376237624,0.0158761917480972,117
195,89159.214,93855.4,147.97,178,52.7437975672797,39.1,24,25.7201332135985,108.87,154,78.2999483983988,0.093523102310231,0.127062706270627,0.132838283828383,0,0.058649823803814,0.122087458745875,0.146864686468647,0.154290429042904,0.0528052805280528,0.0435179847914849,118
5,81622.659419,101099,151.79,177,44.0496265132815,22.52,21,3.10906137383337,129.27,155,47.0696571717134,0.106658415841584,0.127887788778878,0.131188118811881,0.0363036303630363,0.0388363508017437,0.125239273927393,0.146039603960396,0.147689768976898,0.0594059405940594,0.0363445763310904,119
110,118582.94,108902,132.04,166,59.9508081174841,57.49,10,82.846394921657,74.55,156,142.785307155162,0.0969306930693069,0.128712871287129,0.135313531353135,0,0.0593010319245065,0.108943894389439,0.136963696369637,0.141089108910891,0.0280528052805281,0.0494643631332377,120
19,13614752.368,117307,212.08,185,49.0148771478434,34.98,35,12.0302480725407,177.1,157,38.2927321215571,0.146122112211221,0.12953795379538,0.196369636963696,0.122937293729373,0.0315946634666313,0.174983498349835,0.152640264026403,0.239273927392739,0.142739273927393,0.0404413177787487,121
44,102667.15,117307,156.74,189,58.1076361052261,42.09,33,14.2942349048542,114.65,157,72.3446262655005,0.0969719471947195,0.12953795379538,0.136963696369637,0,0.0554919552446641,0.129323432343234,0.155940594059406,0.164191419141914,0.0453795379537954,0.0479435941462261,122
120,147706.845,117307,236.94,246,42.5820230480973,83.54,73,35.7481143106553,153.4,157,13.3666251038423,0.126567656765677,0.12953795379538,0.143564356435644,0.113861386138614,0.0110285685675266,0.195495049504951,0.202970297029703,0.241749174917492,0.149339933993399,0.0351336823829185,123
43,132091.995,136114,185.8,184,14.8242226021325,29.23,38,14.1313141782369,156.57,159,7.73847138612914,0.129183168316832,0.131188118811881,0.137788778877888,0.12046204620462,0.00638487738129467,0.153300330033003,0.151815181518152,0.16996699669967,0.135313531353135,0.012231206767436,124
79,163711.64,136114,329.18,305,89.95165705011,168.23,146,93.3248756990462,160.95,159,3.88567688421012,0.13279702970297,0.131188118811881,0.136138613861386,0.127887788778878,0.00320600402987634,0.271600660066007,0.251650165016502,0.415841584158416,0.212871287128713,0.0742175388202228,125
122,91604.4,136114,131.08,164,55.9412895702975,135.74,7,225.293954780429,-4.66,159,281.072700613743,0.0970214521452145,0.131188118811881,0.132838283828383,0,0.0563998556131414,0.108151815181518,0.135313531353135,0.139438943894389,0.0288778877887789,0.0461561795134468,126
189,155745.042,157936,178.72,180,8.24263368717852,18.36,19,11.8471067942321,160.36,161,3.66947550816878,0.132310231023102,0.132838283828383,0.135313531353135,0.127062706270627,0.00302762005624486,0.147458745874587,0.148514851485149,0.158415841584158,0.14026402640264,0.00680085287721,127
41,145465.876,170125,207.78,191,36.0663193844256,48.68,28,33.7755156073961,159.1,162,5.1138552141721,0.131270627062706,0.133663366336634,0.134488448844884,0.122112211221122,0.00421935248694067,0.171435643564356,0.157590759075908,0.216171617161716,0.143564356435644,0.0297576892610772,128
21,490295.68,197400,186.44,181,15.6278177257315,14.92,21,8.08125402809902,171.52,164,11.1739957856705,0.141518151815182,0.135313531353135,0.155115511551155,0.132013201320132,0.00921946847002516,0.153828382838284,0.149339933993399,0.174917491749175,0.14026402640264,0.0128942390476332,129
63,8780337.9,197400,177.07,209,87.8513729965203,266.4,45,399.02031542418,-89.33,164,484.975497766994,0.116889438943894,0.135313531353135,0.195544554455446,0,0.0709214295949163,0.146097359735974,0.172442244224422,0.22029702970297,0.0247524752475248,0.0724846311852478,130
102,126365.418,197400,185.44,199,15.404525112427,33.6,35,1.59544807043493,151.84,164,14.0264684857529,0.125280528052805,0.135313531353135,0.137788778877888,0.112211221122112,0.0115729938001261,0.153003300330033,0.164191419141914,0.166666666666667,0.139438943894389,0.0127100042181741,131
197,259914.798,197400,192.75,209,25.3737217919594,34.12,31,11.8724534749626,158.63,164,20.3488043477704,0.130882838283828,0.135313531353135,0.146864686468647,0.0998349834983498,0.0167894425311637,0.159034653465347,0.172442244224422,0.180693069306931,0.123762376237624,0.0209354140197685,132
52,1796227.876,212635,229.49,228,24.0804606654147,54.13,54,6.14908221779577,175.36,165,22.4443284325435,0.144686468646865,0.136138613861386,0.172442244224422,0.127062706270627,0.0185184227991283,0.189348184818482,0.188118811881188,0.216996699669967,0.164191419141914,0.0198683668856557,133
91,239551.522,212635,142.5,186,62.2275881524644,374.95,21,551.413214230746,-232.45,165,612.347088725591,0.0960808580858086,0.136138613861386,0.149339933993399,0,0.0638081453375468,0.117574257425743,0.153465346534653,0.161716171617162,0.0412541254125413,0.0513428945152346,134
126,971097.11849,212635,184.41,199,55.3236747685743,42.79,42,9.96285525582324,141.62,165,63.6021059304476,0.116848184818482,0.136138613861386,0.165841584158416,0.0387788778877888,0.0524769850911284,0.152153465346535,0.164191419141914,0.200495049504951,0.0858085808580858,0.0456465963437082,135
148,211586.378,212635,187.07,191,10.5392532271437,28.84,36,14.0279086902582,158.23,165,14.4031807654287,0.130552805280528,0.136138613861386,0.145214521452145,0.114686468646865,0.01188381251273,0.154348184818482,0.157590759075908,0.165841584158416,0.14026402640264,0.00869575348774231,136
143,320021.842,222107.5,172.38,178,20.1001432227673,10.6,13,4.82418151324422,161.78,165,18.10607353873,0.133481848184818,0.136138613861386,0.150990099009901,0.10973597359736,0.0149390045699092,0.142227722772277,0.146864686468647,0.161716171617162,0.115511551155116,0.0165842765864417,137
4,1350570.032,225834.2,162.62,192.5,68.3437213094535,159.06,30,193.747874279639,3.56,163,260.936708917327,0.101683168316832,0.134488448844884,0.16996699669967,0,0.0716768816543869,0.134174917491749,0.158828382838284,0.18976897689769,0.0544554455445545,0.0563892090011992,138
131,335484.03,247406.5,228.67,220.5,17.4784456003977,61.32,59,18.6351899113023,167.35,167,9.88456096417769,0.138077557755776,0.137788778877888,0.150990099009901,0.128712871287129,0.00815557835328192,0.188671617161716,0.181930693069307,0.212046204620462,0.177392739273927,0.0144211597363017,139
16,603839.662,265767,234.63,255,24.4042780651014,66.1,64,17.1402415031959,168.53,168,14.712363384706,0.139051155115512,0.138613861386139,0.165016501650165,0.126237623762376,0.0121389136837508,0.193589108910891,0.21039603960396,0.212046204620462,0.163366336633663,0.0201355429580044,140
171,288904.33,265767,181.81,184,7.8156731939576,14.22,12,3.377226164422,167.59,168,6.65467861543647,0.138275577557756,0.138613861386139,0.145214521452145,0.131188118811881,0.00549065892362745,0.150008250825083,0.151815181518152,0.155940594059406,0.141089108910891,0.00644857524253928,141
27,1284398.39,286279,238.49,218,29.802547176069,58.78,59,15.3994490259564,179.71,169,17.2130412152759,0.148275577557756,0.139438943894389,0.166666666666667,0.131188118811881,0.0142021792205247,0.196773927392739,0.17986798679868,0.227722772277228,0.167491749174917,0.0245895603762946,142
95,245950.059,286279,206.4,212,16.4942597912306,45.69,46,1.9316345723796,160.71,169,17.4247559871615,0.13259900990099,0.139438943894389,0.144389438943894,0.103960396039604,0.0143768613755458,0.17029702970297,0.174917491749175,0.183168316831683,0.143564356435644,0.0136091252402893,143
169,301218.352,286279,190.93,202,16.3560479037665,25.88,29,5.65199526760687,165.05,169,11.4780202776851,0.136179867986799,0.139438943894389,0.148514851485149,0.126237623762376,0.00947031376046622,0.15753300330033,0.166666666666667,0.172442244224422,0.142739273927393,0.0134950890295103,144
24,398294.29,308374,184.24,175,19.0645474558661,13.4,9,11.206058967173,170.84,170,8.2397410962562,0.140957095709571,0.14026402640264,0.15016501650165,0.134488448844884,0.00679846625103648,0.152013201320132,0.144389438943894,0.174092409240924,0.137788778877888,0.0157298246335529,145
192,11394629.01,332175,201.06,175,30.4358308245364,12.39,4,14.4696792003699,188.67,171,27.159110308095,0.155668316831683,0.141089108910891,0.197194719471947,0.138613861386139,0.0224085068548639,0.165891089108911,0.144389438943894,0.200495049504951,0.142739273927393,0.0251120716374062,146
154,263048.91752,385429,150.81,177,35.0320762107581,5.16,4,1.64973214844597,145.65,173,36.6312156445286,0.120173267326733,0.142739273927393,0.146864686468647,0.0726072607260726,0.0302237752842646,0.124430693069307,0.146039603960396,0.15016501650165,0.0792079207920792,0.0289043533092064,147
176,242158.103,385429,330.64,339,11.2721342300831,171.57,166,7.6544764746526,159.07,173,18.9252943881137,0.131245874587459,0.142739273927393,0.142739273927393,0.103960396039604,0.0156149293631301,0.272805280528053,0.27970297029703,0.27970297029703,0.256600660066007,0.00930044078389691,148
101,463330.6156,415177,195.9,200,47.8846467454798,40.56,28.5,21.6968647364991,155.34,174,29.9896345729351,0.128168316831683,0.143564356435644,0.155940594059406,0.0940594059405941,0.0247439229149629,0.161633663366337,0.165016501650165,0.217821782178218,0.114686468646865,0.0395087844434652,149
40,465208.925,419775.5,194.24,210,21.283141713857,25.18,26,13.3903176235893,169.06,174,16.3705944802369,0.139488448844884,0.143564356435644,0.151815181518152,0.117161716171617,0.013507091155311,0.16026402640264,0.173267326732673,0.177392739273927,0.136138613861386,0.0175603479487269,150
9,799065.71,447221,210.45,209,14.7493365712811,30.33,35,9.24203724972219,180.12,175,7.87180109792241,0.148613861386139,0.144389438943894,0.160891089108911,0.143564356435644,0.00649488539432543,0.173638613861386,0.172442244224422,0.191419141914191,0.157590759075908,0.0121694196132682,151
53,768858.88,447221,194.93,189,11.4364780550233,17.37,18,2.85916919486212,177.56,175,11.4215108059709,0.146501650165017,0.144389438943894,0.158415841584158,0.135313531353135,0.00942368878380434,0.160833333333333,0.155940594059406,0.173267326732673,0.152640264026403,0.00943603799919417,152
142,4800291.53,518919,242.43,234,12.3854386643789,55.57,57,13.7922939983664,186.86,177,19.4645598693906,0.154174917491749,0.146039603960396,0.18976897689769,0.143564356435644,0.0160598678790351,0.200024752475248,0.193069306930693,0.219471947194719,0.190594059405941,0.0102190087989925,153
62,836688.91,558969,233.02,223,15.5322928510932,50.99,45,10.431590521492,182.03,178,6.08434819264093,0.150189768976898,0.146864686468647,0.157590759075908,0.145214521452145,0.00502008926785555,0.192260726072607,0.183993399339934,0.208745874587459,0.179042904290429,0.0128154231444663,154
68,3261650.32,558969,183.36,216,71.718236554906,42.12,38,16.7388014728497,141.24,178,88.2119944202372,0.118712871287129,0.146864686468647,0.17986798679868,0,0.0689904304110423,0.151287128712871,0.178217821782178,0.202970297029703,0.0495049504950495,0.0591734625040479,155
100,1670975.92,558969,218.67,216,17.8252204712448,37.05,37,3.24854279685989,181.62,178,16.5186029198671,0.149851485148515,0.146864686468647,0.172442244224422,0.136138613861386,0.0136292103299234,0.180420792079208,0.178217821782178,0.202970297029703,0.163366336633663,0.0147072776165386,156
42,878454.603,648583,277.78,286,18.3184953729086,105.92,108,18.4712060934162,171.86,180,21.1235040711153,0.141798679867987,0.148514851485149,0.162541254125413,0.12046204620462,0.0174286337220423,0.229191419141914,0.235973597359736,0.237623762376238,0.197194719471947,0.0151142701096605,157
10,1176251.99,698641,268.17,248,27.7481658325502,88.43,80,29.6648807770257,179.74,181,14.283295321897,0.148300330033003,0.149339933993399,0.167491749174917,0.137788778877888,0.0117848971302781,0.221262376237624,0.204620462046205,0.263201320132013,0.202970297029703,0.0228945262644804,158
80,3632551.896,698641,187.49,187,30.5632297066428,7.55,6,3.59116480357901,179.94,181,34.0557534556842,0.148465346534653,0.149339933993399,0.180693069306931,0.108085808580858,0.0280988064815876,0.154694719471947,0.154290429042904,0.183993399339934,0.118811881188119,0.0252171862266029,159
158,1033119.73,810646,213.55,211,12.5990018844688,29.44,27,5.51823423668379,184.11,183,7.97330774294059,0.151905940594059,0.150990099009901,0.159240924092409,0.143564356435644,0.00657863675160115,0.176196369636964,0.174092409240924,0.191419141914191,0.164191419141914,0.0103952160762944,160
170,641968.34,873213,256.84,266,12.511586549267,78.93,82,17.1106057251878,177.91,184,7.53321936089704,0.146790429042904,0.151815181518152,0.153465346534653,0.139438943894389,0.00621552752549261,0.211914191419142,0.219471947194719,0.222772277227723,0.196369636963696,0.0103230912122665,161
37,614858.79,940608,352.07,360,31.1322545397418,175.16,175,24.8025414142596,176.91,185,8.30248228671475,0.145965346534653,0.152640264026403,0.152640264026403,0.138613861386139,0.00685023290983064,0.290486798679868,0.297029702970297,0.331683168316832,0.256600660066007,0.0256866786631533,162
64,859222.22,940608,195.63,193,4.53639602425636,14.35,11,10.5336162217479,181.28,185,8.86039878711261,0.14957095709571,0.152640264026403,0.156765676567657,0.137788778877888,0.00731056005537344,0.161410891089109,0.159240924092409,0.167491749174917,0.157590759075908,0.00374290101011251,163
164,11830455.32,1013210,282.74,288,23.664156930521,82.4,83,21.2155841329201,200.34,186,20.9411006628042,0.16529702970297,0.153465346534653,0.196369636963696,0.151815181518152,0.0172781358603995,0.233283828382838,0.237623762376238,0.249174917491749,0.202970297029703,0.0195248819558754,164
67,1339118.1,1091410,331.65,319,16.9648329067974,145.86,129,19.3082491399009,185.79,187,11.7191848235828,0.153292079207921,0.154290429042904,0.164191419141914,0.137788778877888,0.00966929440889668,0.273638613861386,0.263201320132013,0.296204620462046,0.260726072607261,0.0139973868867965,165
123,846128.88,1175640,181.48,218,84.0096771722512,250.14,42,426.096826384034,-68.66,188,509.766815774278,0.122062706270627,0.155115511551155,0.157590759075908,0,0.0615747677826801,0.14973597359736,0.17986798679868,0.193069306930693,0.0123762376237624,0.0693149151586231,166
179,7465285.2,1366555.5,244.11,230,39.3771956258129,49.19,42.5,17.5330539210367,194.92,187.5,21.866759053759,0.160825082508251,0.15470297029703,0.18976897689769,0.144389438943894,0.0180418804073919,0.201410891089109,0.18976897689769,0.254125412541254,0.172442244224422,0.0324894353348291,167
141,1159249.63,1469400,224.08,220,12.0316753663491,37.98,45,11.8321424923636,186.1,191,7.26344104110275,0.153547854785479,0.157590759075908,0.159240924092409,0.144389438943894,0.00599293815272504,0.184884488448845,0.181518151815182,0.200495049504951,0.176567656765677,0.009927124889727,168
11,12288695.3,1582810,269.66,267,7.82281046915772,63.62,74,16.2578838684125,206.04,192,19.7601374059755,0.17,0.158415841584158,0.193069306930693,0.156765676567657,0.0163037437343032,0.222491749174917,0.22029702970297,0.234323432343234,0.216171617161716,0.00645446408346347,169
200,8688685.0144,1836570,522.79,496,122.151032113792,344.53,375,123.259638506887,178.26,194,44.859966179842,0.147079207920792,0.16006600660066,0.192244224422442,0.0940594059405941,0.0370131734157112,0.431344884488449,0.409240924092409,0.575907590759076,0.288778877887789,0.100784679961875,170
75,4374450.2312,1978320,177.2,198,57.8399044384977,9.76,6,7.76565866784361,167.44,195,65.2795573365859,0.138151815181518,0.160891089108911,0.176567656765677,0.0528052805280528,0.0538610209047738,0.146204620462046,0.163366336633663,0.181518151815182,0.070957095709571,0.0477226934311037,171
85,7170369.86,2131000,231.64,233,12.5122323985754,31.14,27,8.98260946091239,200.5,196,19.0642189571051,0.16542904290429,0.161716171617162,0.185643564356436,0.143564356435644,0.0157295535949712,0.191122112211221,0.192244224422442,0.202970297029703,0.174917491749175,0.0103236240912338,172
198,1268013.92,2131000,236.68,244,31.7671070591751,58.84,48,16.0048729953086,177.84,196,21.8293288023154,0.146732673267327,0.161716171617162,0.163366336633663,0.117986798679868,0.0180109973616464,0.195280528052805,0.201320132013201,0.233498349834983,0.164191419141914,0.0262104843722567,173
18,17804382.58,2472650,253.8,251,26.3147229980604,53.04,55,29.9426792455859,200.76,198,32.7821459167805,0.165643564356436,0.163366336633663,0.200495049504951,0.128712871287129,0.0270479751788618,0.209405940594059,0.207095709570957,0.235148514851485,0.180693069306931,0.0217118176551653,174
134,11698808.1,2663490,280.02,248,38.5607169135753,71.26,49,31.1307506553189,208.76,199,14.5928722050157,0.172244224422442,0.164191419141914,0.195544554455446,0.164191419141914,0.0120403236014981,0.231039603960396,0.204620462046205,0.278052805280528,0.203795379537954,0.0318157730310027,175
182,17252003.2,2979775,238.68,259,36.7098588579926,36.9,35.5,15.3744507990932,201.78,200.5,28.0816198560086,0.166485148514851,0.16542904290429,0.198844884488449,0.133663366336634,0.0231696533465417,0.196930693069307,0.213696369636964,0.226897689768977,0.146864686468647,0.0302886624240863,176
124,3072144,3862730,232.92,237,7.92602158600506,32.82,33,9.30773546003212,200.1,204,4.87728190572155,0.16509900990099,0.168316831683168,0.169141914191419,0.159240924092409,0.00402415998821909,0.192178217821782,0.195544554455446,0.198019801980198,0.180693069306931,0.00653962177063124,177
159,7891146.54,3862730,234.1,233,12.2503349778978,30.3,29,9.86422983831127,203.8,204,19.9858535828306,0.168151815181518,0.168316831683168,0.186468646864686,0.142739273927393,0.0164899782036556,0.193151815181518,0.192244224422442,0.21039603960396,0.17986798679868,0.0101075371104768,178
165,11491707.6,6500020,228.34,216,18.8884123528718,12.67,5,10.4059569187048,215.67,211,8.52335472437794,0.177945544554455,0.174092409240924,0.188943894389439,0.171617161716172,0.00703247089470128,0.188399339933993,0.178217821782178,0.212871287128713,0.175742574257426,0.0155844986409834,179
97,9876618.9,9426670,162.48,225,95.6772225197351,345.99,10,471.053118345511,-183.51,216,566.634517715491,0.120420792079208,0.178217821782178,0.188943894389439,0,0.0869385443446429,0.134059405940594,0.185643564356436,0.197194719471947,0.0247524752475248,0.0789416027390554,180
39,11690294.96,10154200,495.28,516,33.1626173864367,286.12,293,12.4472868326776,209.16,217,22.9899934314866,0.172574257425743,0.179042904290429,0.187293729372937,0.139438943894389,0.018968641445121,0.408646864686469,0.425742574257426,0.426567656765677,0.360561056105611,0.0273618955333636,181
84,11542988.8,10937900,219.65,222,10.8928435407859,5.51,5,1.80624617716557,214.14,218,11.5775994092389,0.176683168316832,0.17986798679868,0.188943894389439,0.165016501650165,0.00955247476009808,0.181229372937294,0.183168316831683,0.193069306930693,0.169141914191419,0.00898749467061541,182
145,88533870.5,14726200,273.65,255,34.6253760509062,43.69,33,13.64906109177,229.96,222,21.3389765263454,0.18973597359736,0.183168316831683,0.217821782178218,0.168316831683168,0.0176064162758625,0.225783828382838,0.21039603960396,0.272277227722772,0.194719471947195,0.0285687921212097,183
150,19783108,18423700,441.83,430,25.2886587747603,222.18,214,25.4230389428744,219.65,223.5,15.2794673078652,0.181229372937294,0.184405940594059,0.193894389438944,0.161716171617162,0.0126068212111099,0.364546204620462,0.354785478547855,0.403465346534653,0.350660066006601,0.0208652300121785,184
118,19474456.5,21212200,271.94,273.5,27.9869450085051,51,47.5,16.0176670138212,220.94,226,13.5093084257268,0.182293729372937,0.186468646864686,0.192244224422442,0.164191419141914,0.0111462940806327,0.224372937293729,0.225660066006601,0.256600660066007,0.192244224422442,0.0230915387858953,185
73,50047949.2,23005000,232.7,236,18.2659920247017,7.5,8,0.870388279778489,225.2,228,17.8761169037226,0.185808580858086,0.188118811881188,0.212046204620462,0.171617161716172,0.0147492713727084,0.191996699669967,0.194719471947195,0.218646864686469,0.178217821782178,0.0150709505154304,186
116,14398081.8,24780600,180.46,234,91.4745005038248,71.09,6,131.114114457983,109.37,229,222.122618561838,0.145024752475248,0.188943894389439,0.190594059405941,0,0.0735501776196311,0.148894389438944,0.193069306930693,0.196369636963696,0,0.0754740103166871,187
119,89545128.612,30972600,225.46,243,47.7075306932615,11.16,11,1.44053861980563,214.3,232,46.3339873509542,0.176815181518152,0.191419141914191,0.215346534653465,0.111386138613861,0.0382293625007873,0.186023102310231,0.200495049504951,0.226072607260726,0.118811881188119,0.0393626490868494,188
196,29857883.41,44918100,302,297,17.8149863141608,81.51,83,16.3876616558146,220.49,237,24.7649536501268,0.181922442244224,0.195544554455446,0.196369636963696,0.144389438943894,0.0204331300743621,0.249174917491749,0.245049504950495,0.26980198019802,0.228547854785479,0.0146988335925419,189
144,84732266.5,94473000,306.12,320,32.8511426857206,72.8,73,11.3163866167874,233.32,247,22.4350375326387,0.192508250825082,0.203795379537954,0.213696369636964,0.164191419141914,0.018510757040131,0.252574257425743,0.264026402640264,0.284653465346535,0.20957095709571,0.0271049032060401,190
140,580757330,387966000,319.47,318,22.3599818398582,49.94,57,18.4373468149774,269.53,266,7.29252419200026,0.222384488448845,0.219471947194719,0.229372937293729,0.215346534653465,0.0060169341518154,0.263589108910891,0.262376237623762,0.284653465346535,0.235973597359736,0.0184488299008731,191
29,81705981260,1019870000,320.3,323,48.6017624488178,31.05,35,11.0758404838749,289.25,279,42.0736187407192,0.238655115511551,0.23019801980198,0.293729372937294,0.202970297029703,0.0347142068817815,0.264273927392739,0.266501650165016,0.322607260726073,0.215346534653465,0.0401004640666813,192
77,1627590414.3,1716200000,345.43,360,48.7672797658181,89.56,102,16.319610809382,255.87,286,40.3814276242148,0.211113861386139,0.235973597359736,0.245874587458746,0.165841584158416,0.0333180095909363,0.285008250825083,0.297029702970297,0.33003300330033,0.225247524752475,0.0402370295097509,193
136,11366453850,1991340000,350,334,20.6000882610642,51.06,53,3.4313468804744,298.94,288,19.3843735878655,0.246650165016502,0.237623762376238,0.271452145214521,0.226897689768977,0.0159937075807471,0.288778877887789,0.275577557755776,0.315181518151815,0.271452145214521,0.0169967724926273,194
174,34448803300,21497200000,390.82,406,22.1288147998135,82.39,79,8.82363103526347,308.43,320,25.1963020374744,0.254480198019802,0.264026402640264,0.281353135313531,0.23019801980198,0.0207890280837247,0.322458745874587,0.334983498349835,0.340759075907591,0.295379537953795,0.0182580980196481,195
31,48450411589000,4.20659e+11,394.46,380,35.0619711109033,16.73,20,5.22398315464359,377.73,360,39.5407614770103,0.311658415841584,0.297029702970297,0.366336633663366,0.277227722772277,0.0326243906575992,0.32546204620462,0.313531353135314,0.375412541254125,0.296204620462046,0.0289290190684021,196
188,5460406497000,4.20659e+11,382.49,379,35.589549879228,27.4,23,6.81056813957825,355.09,360,40.2198742269078,0.292978547854785,0.297029702970297,0.338283828382838,0.261551155115512,0.0331847147086698,0.315585808580858,0.312706270627063,0.357260726072607,0.288778877887789,0.0293643150818713,197
190,21755389100000,4.53126e+11,428.62,427,17.0831478186527,46.48,58,16.5367542892867,382.14,361,31.016457019792,0.31529702970297,0.297854785478548,0.357260726072607,0.292079207920792,0.0255911361549439,0.353646864686469,0.352310231023102,0.378712871287129,0.33993399339934,0.0140950064510336,198
32,1.2056103926e+16,2.52178e+15,510.09,526,35.8481914227598,35.84,32,10.3257254496043,474.25,477,30.6769992474538,0.391295379537954,0.393564356435644,0.424092409240924,0.355610561056106,0.0253110554846979,0.420866336633663,0.433993399339934,0.450495049504951,0.373762376237624,0.0295777156953464,199
38,2.58424783e+19,6.19471e+18,636.56,626,14.2114763696831,45.8,39,14.6052432815455,590.76,582,14.8140801164625,0.487425742574257,0.48019801980198,0.510726072607261,0.479372937293729,0.0122228383799196,0.525214521452145,0.516501650165016,0.537953795379538,0.512376237623762,0.0117256405690454,200
