"seed","merit_mean","merit_median","nutrients_consumed_mean","nutrients_consumed_median","nutrients_consumed_sd","moves_off_path_mean","moves_off_path_median","moves_off_path_sd","base_score_mean","base_score_median","base_score_sd","task_quality_mean","task_quality_median","task_quality_max","task_quality_min","task_quality_sd","coverage_mean","coverage_median","coverage_max","coverage_min","coverage_sd","seed_order","category"
87,212741999675,49618250,242,233,50.7805737134454,20,14.5,16.9901932498329,222,206.5,62.3270941619025,0.221850939239332,0.196590909090909,0.30484693877551,0.189375,0.0554428939219225,0.243996405380334,0.232954545454545,0.316326530612245,0.19375,0.053030370396277,1,"Pattern cycling"
118,3507112806.95,961632000,202,202,0,0,0,0,202,202,0,0.21074849257885,0.229545454545455,0.25765306122449,0.12625,0.0578696390354489,0.21074849257885,0.229545454545455,0.25765306122449,0.12625,0.0578696390354489,2,"Set pattern"
148,2267679125,1121515500,241.5,232.5,37.6342043005207,18,11,21.9696760710454,223.5,202.5,45.8875436983357,0.223500695732839,0.230113636363636,0.251275510204082,0.1825,0.0293953391474493,0.244372680890538,0.256586270871985,0.281818181818182,0.1825,0.0436980253369399,3,"Pattern cycling"
67,32084561197.5,3876690000,245.5,240,12.396235987858,16.25,19,11.7295922066086,229.25,219.5,23.4004985701872,0.234483998144712,0.244886363636364,0.283163265306122,0.165,0.0497323718034955,0.253506493506494,0.272727272727273,0.303571428571429,0.165,0.0607765208728039,4,"Pattern cycling"
10,46024654500,6872965000,269,264.5,52.8330704515016,22,15,22.4350915606185,247,226,56.8741300299764,0.246193471706865,0.245454545454545,0.286989795918367,0.206875,0.0342727992755494,0.271389146567718,0.278687384044527,0.318181818181818,0.21,0.0550557626319822,5,"Pattern cycling"
42,58035671637.75,8960665000,226,227,2,1,0,2,225,227,4,0.234558499536178,0.253409090909091,0.289540816326531,0.141875,0.0642009816907656,0.235694863172542,0.255681818181818,0.289540816326531,0.141875,0.0645777069799739,6,"Set pattern"
113,18819849723000,9557670000,303.5,282,76.9437023630481,31,30.5,8.28653526310404,272.5,254,79.7558775263617,0.270494550092764,0.250056818181818,0.354591836734694,0.227272727272727,0.0578260887908515,0.303452864100186,0.280113636363636,0.397959183673469,0.255625,0.0642560324699829,7,"Pattern cycling"
197,14078036659.75,15419950000,236,245.5,20.0499376557634,11.5,13,5.74456264653803,224.5,231,15.0665191733194,0.232609288033395,0.260076530612245,0.265909090909091,0.144375,0.0589203182098158,0.24377116187384,0.270013914656772,0.280681818181818,0.154375,0.0601021773740318,8,"Pattern cycling"
34,11893760977500,23757065000,333.5,326.5,47.4727992293131,50.25,54,38.7674691805729,283.25,256,78.7035577340694,0.280653698979592,0.2625,0.349489795918367,0.248125,0.0468408214386039,0.339912743506494,0.341477272727273,0.428571428571429,0.248125,0.0752625909705978,9,"Pattern cycling"
5,3007232117825,31998100000,271.5,263.5,31.224989991992,11.75,11,7.97391580927046,259.75,251,34.2186596269735,0.265037395640074,0.267045454545455,0.334183673469388,0.191875,0.0583283081367324,0.277343460111317,0.286931818181818,0.338010204081633,0.1975,0.0590829610101185,10,"Pattern cycling"
26,776223107825,46208700000,266.5,261.5,17.9350680697528,15.75,15.5,1.70782512765993,250.75,246,16.3986788085707,0.258611433209648,0.272159090909091,0.318877551020408,0.17125,0.0623090270496776,0.274729823747681,0.289204545454545,0.338010204081633,0.1825,0.0657303061948709,11,"Pattern cycling"
8,175716835467.5,82801400000,253.75,255,10.5948100502085,9,5.5,7.34846922834953,244.75,245.5,7.41057802513857,0.253956110853432,0.278977272727273,0.299744897959184,0.158125,0.064634814087068,0.263718112244898,0.29375,0.306122448979592,0.16125,0.0688253516778752,12,"Pattern cycling"
190,82631287500,83833450000,288.5,265,64.7482303490476,15,15.5,8.83176086632785,273.5,246,72.0624728967859,0.269938543599258,0.277945269016698,0.286363636363636,0.2375,0.0223957812808041,0.28709879406308,0.301136363636364,0.306122448979592,0.24,0.0314870479595897,13,"Pattern cycling"
170,156335850000,91729250000,294,256.5,81.6863921756045,8.5,8.5,8.2663978450915,285.5,246.5,87.2334033880753,0.279355287569573,0.280113636363636,0.29719387755102,0.26,0.0152166388795402,0.289501391465677,0.291477272727273,0.315051020408163,0.26,0.0236375239210898,14,"Pattern cycling"
174,113718773000,93104550000,268,257.5,51.7365119298418,2.25,2,2.62995563967658,265.75,253,52.4301122129895,0.266071428571429,0.27987012987013,0.292045454545455,0.2125,0.036260095323185,0.268628246753247,0.282711038961039,0.296590909090909,0.2125,0.0382934267046587,15,"Pattern cycling"
193,916956409800,97662500000,270.5,274.5,48.4458460551573,6.75,7,2.21735578260835,263.75,267.5,46.643148835958,0.26657728432282,0.274489795918367,0.320454545454545,0.196875,0.0523606538247508,0.273236317254174,0.281586270871985,0.327272727272727,0.2025,0.0532706359807388,16,"Pattern cycling"
35,82860304283943504,108094400000,340,347,30.5286750449475,39.25,38,41.1774614726713,300.75,302.5,68.2269497095295,0.307053861317254,0.275568181818182,0.447704081632653,0.229375,0.0968516748253365,0.351934427179963,0.360227272727273,0.457908163265306,0.229375,0.0952637835427046,17,"Set pattern"
38,2094389191717500,122503695000,356.25,354.5,34.7982279242301,65,67,37.8241545400114,291.25,287.5,72.6148515571482,0.293738984230056,0.265909090909091,0.406887755102041,0.23625,0.0793864673231678,0.366785134508349,0.373863636363636,0.470663265306122,0.24875,0.091534455103846,18,"Set pattern"
6,138105765350,141380300000,268.25,252,44.8283764298166,5.75,4.5,3.77491721763537,262.5,249,41.709311510341,0.264968981910946,0.282954545454545,0.292091836734694,0.201875,0.0426475321901989,0.270305542671614,0.286363636363636,0.299744897959184,0.20875,0.0418905734264872,19,"Pattern cycling"
17,516500150000,1.53152e+11,307.5,258,104.414239131133,8,6.5,7.34846922834953,299.5,246.5,108.352818760443,0.289801136363636,0.285284090909091,0.3125,0.276136363636364,0.0159874625357914,0.299019016697588,0.292727272727273,0.326530612244898,0.284090909090909,0.0189189887301022,20,"Pattern cycling"
1,105623025025000,245180500000,363,348.5,37.5677166372051,57.5,72.5,39.5516539898565,305.5,276,77.1081491586114,0.303914076994434,0.290340909090909,0.373724489795918,0.26125,0.0486272090222111,0.371446544526902,0.385227272727273,0.454081632653061,0.26125,0.0803367573266123,21,"Set pattern"
70,5.54094e+11,2.78048e+11,347,291,129.462993425406,38.5,41,5.74456264653803,308.5,256,127.296242416394,0.294695616883117,0.291152597402597,0.31125,0.285227272727273,0.0122195687805966,0.334537337662338,0.338392857142857,0.342045454545455,0.319318181818182,0.0103169597011213,22,"Pattern cycling"
187,13961226860000,360518500000,297,290.5,51.4910995545185,9,11,5.47722557505166,288,279,56.468280181591,0.289715329313544,0.291987476808905,0.351136363636364,0.22375,0.0525911308584626,0.300232200834879,0.307026901669759,0.3625,0.224375,0.0574366196985219,23,"Pattern cycling"
37,2.3403315471e+16,3.66243e+11,381.25,375.5,35.8643276808586,62.25,72.5,48.071994619182,319,303,83.7854402626136,0.319611549165121,0.288636363636364,0.433673469387755,0.2675,0.0774952907489471,0.392054730983302,0.402272727272727,0.496173469387755,0.2675,0.0943904953721461,24,"Set pattern"
126,1307142699335099904,3.90759e+11,379.75,376.5,37.1068277634544,53.25,56,45.2944073074517,326.5,320.5,82.3913425872727,0.33075805890538,0.292045454545454,0.478316326530612,0.260625,0.0998308802984952,0.391662511595547,0.396022727272727,0.511479591836735,0.263125,0.101567194446002,25,"Set pattern"
14,13525957271875,396517500000,294.5,286.5,24.5560583156173,15.5,16,9,279,270.5,33.1360830515618,0.28493564471243,0.292613636363636,0.350765306122449,0.20375,0.0611804773183484,0.302594503710575,0.316477272727273,0.371173469387755,0.20625,0.0692878966737699,26,"Pattern cycling"
91,10866981561200,552640500000,295.75,295,19.2245502764911,17.25,19,16.1322658049017,278.5,269,23.4022790912908,0.285959821428571,0.3,0.348214285714286,0.195625,0.0643760673938601,0.304667207792208,0.335227272727273,0.348214285714286,0.2,0.0700523379692346,27,"Pattern cycling"
51,647787389905,621848500000,302.75,308,15.713582235336,44,43,22.4499443206436,258.75,262.5,10.719919153924,0.268992926716141,0.301136363636364,0.309948979591837,0.16375,0.0703093249944768,0.319196428571429,0.35,0.401785714285714,0.175,0.0992212409294067,28,"Pattern cycling"
167,84163938825000,6.60836e+11,324.25,297.5,68.0312428226914,16.75,16,2.3629078131263,307.5,280,68.8452370659486,0.307267799165121,0.301136363636364,0.371173469387755,0.255625,0.0478449743426597,0.325080009276438,0.319318181818182,0.396683673469388,0.265,0.054241230791972,29,"Pattern cycling"
153,1322803567025000,6.7824e+11,334,310,73.3666590943507,15.5,13,7.18795288428261,318.5,291,75.9363768778399,0.318301542207792,0.302272727272727,0.401785714285714,0.266875,0.0581111713071281,0.334868100649351,0.322727272727273,0.419642857142857,0.274375,0.0612849180923269,30,"Pattern cycling"
182,27218566718000,1.31443e+12,298.5,281,38.5443467536637,4,4,0,294.5,277,38.5443467536637,0.29943413729128,0.309659090909091,0.358418367346939,0.22,0.0577311775288379,0.303607374768089,0.314204545454545,0.363520408163265,0.2225,0.0588592205369602,31,"Reactive meandering"
159,12375068230000,2.291106e+12,306,292.5,62.7641086396782,4.75,0,9.5,301.25,283,61.4512001510141,0.301783974953618,0.308511131725417,0.348863636363636,0.24125,0.0460949945683569,0.307181702226345,0.308511131725417,0.370454545454545,0.24125,0.0540273278639877,32,"Pattern cycling"
90,43703227100000,2.38322e+12,350.5,347.5,78.8775422199923,33,27.5,25.7293606605372,317.5,298.5,76.7702199206611,0.315252782931354,0.316187384044527,0.363636363636364,0.265,0.0402991420100124,0.349707212430427,0.360493970315399,0.396590909090909,0.28125,0.0555402857810168,33,"Pattern cycling"
199,10189115089137.8,3.54678e+12,271.75,279.5,31.5105802337353,8.75,11,6.13052471924984,263,268.5,25.781130050226,0.279270929962894,0.314772727272727,0.345663265306122,0.141875,0.0933074469824589,0.289527191558442,0.329545454545455,0.357142857142857,0.141875,0.0998139446661132,34,"Pattern cycling"
198,4205450000337.79,4.633285e+12,270.75,309.5,95.8727455189082,32,37,21.6024689946929,238.75,270,74.9105021564622,0.263918135435993,0.323295454545454,0.329081632653061,0.08,0.122664359792607,0.301139262523191,0.371880797773655,0.379545454545455,0.08125,0.14664629968892,35,"Reactive meandering"
134,9836011535250,4.668056e+12,332.25,322.5,30.9448434045696,48.75,44.5,13.5,283.5,280.5,19.8410349192442,0.292176484230056,0.315909090909091,0.344387755102041,0.1925,0.0688582081678108,0.340202922077922,0.366477272727273,0.392857142857143,0.235,0.0717725306352792,36,"Reactive meandering"
162,33887743750000,4.840778e+12,341.75,314,104.637071187351,8,8,3.2659863237109,333.75,304,107.055670875796,0.325351634972171,0.318402133580705,0.360227272727273,0.304375,0.0261693317362544,0.334209473562152,0.330322356215213,0.369318181818182,0.306875,0.0282947608311866,37,"Pattern cycling"
30,16023033442200,5390709550000,285,288.5,10.8627804912002,8.75,4.5,12.2576506721313,276.25,284,23.1138486626524,0.28602939471243,0.305113636363636,0.350765306122449,0.183125,0.0754071209591358,0.296285656307978,0.319886363636364,0.362244897959184,0.183125,0.078764410787531,38,"Set pattern"
75,1019077237300500,5.519205e+12,310.5,312.5,50.6129100790171,0,0,0,310.5,312.5,50.6129100790171,0.316246231447124,0.32149814471243,0.398863636363636,0.223125,0.0724747796275917,0.316246231447124,0.32149814471243,0.398863636363636,0.223125,0.0724747796275917,39,"Pattern cycling"
121,1466355302695024896,5557425500000,401,397,38.5054108751831,56.25,62.5,46.3923485070545,344.75,334.5,84.7284879285985,0.347440572820037,0.314772727272727,0.479591836734694,0.280625,0.0907814419649562,0.412648133116883,0.421590909090909,0.526785714285714,0.280625,0.101449011922448,40,"Set pattern"
155,9877110100000,6.272155e+12,330.25,299.5,71.8302396858964,11.5,10.5,10.1488915650922,318.75,289,79.980726845076,0.315556586270872,0.323272263450835,0.343181818181818,0.2725,0.0312078384309373,0.329331806586271,0.340340909090909,0.363520408163265,0.273125,0.0398206911655752,41,"Pattern cycling"
40,131227568447500000,7.970345e+12,443.25,425.5,49.1350180624776,81.75,101.5,55.8949908310217,361.5,324,105.01587181628,0.357690166975881,0.328977272727273,0.45280612244898,0.32,0.0636346123352902,0.453254290352505,0.465909090909091,0.559948979591837,0.32125,0.0985554123596,42,"Set pattern"
27,3.677604397724e+18,8.695705e+12,414.75,408,39.2205303380768,59.25,68,45.3532431769401,355.5,340,84.4491957727643,0.3582728432282,0.327272727272727,0.489795918367347,0.28875,0.0898499650515503,0.426679904916512,0.436363636363636,0.543367346938776,0.290625,0.103934948876099,43,"Set pattern"
21,20588741257825,1.127548e+13,291.5,294,15,7.75,7.5,6.55108133567785,283.75,282,10.7819293264239,0.297015885899814,0.332386363636364,0.352040816326531,0.17125,0.0844575652205938,0.306100997217069,0.345454545454545,0.362244897959184,0.17125,0.0902484211472924,44,"Pattern cycling"
102,76684749800500,1.151873e+13,314.25,318.5,41.5321160870316,5,4,5.03322295684717,309.25,310.5,41.7482534564821,0.31479099025974,0.33336038961039,0.369318181818182,0.223125,0.0634653515869338,0.320611955009276,0.33818413729128,0.382954545454545,0.223125,0.0683684110905751,45,"Pattern cycling"
50,4.179811915e+15,1.15295e+13,411,399.5,55.6477013601341,66,70.5,56.7391693042235,345,312.5,95.2575456328789,0.341476113172542,0.324431818181818,0.414540816326531,0.3025,0.0515803750197649,0.417077922077922,0.449269480519481,0.464772727272727,0.305,0.0752395445563535,46,"Pattern cycling"
28,3726993146016225,1.263625e+13,342.75,343,8.38152730712011,33.5,33,8.69865890046659,309.25,310,17.0758113521242,0.321270871985158,0.334659090909091,0.413265306122449,0.2025,0.0874333950438441,0.356919642857143,0.38125,0.446428571428571,0.21875,0.0971035130154594,47,"Set pattern"
154,51716007399178100736,1.4764145e+13,409.75,407,35.8085185395878,50.5,53,41.7731971484108,359.25,354,77.5730838199264,0.36576327690167,0.333522727272727,0.519132653061224,0.276875,0.105904786097705,0.423217474489796,0.43125,0.549744897959184,0.280625,0.110306365787539,48,"Set pattern"
169,2.58490008340767e+20,1.635606e+13,437.75,431.5,42.145581025773,64.5,70,52.4880938880428,373.25,361.5,94.5881423153382,0.377045744434137,0.334659090909091,0.536989795918367,0.301875,0.107968006030193,0.450954313543599,0.457954545454545,0.582908163265306,0.305,0.113777165831036,49,"Set pattern"
31,4.418036e+13,1.67552e+13,382.75,333,130.533201395916,33.25,28,17.5190372642639,349.5,307,114.337220536446,0.340190746753247,0.337824675324675,0.361363636363636,0.32375,0.0156424131339519,0.371360157699443,0.371243042671614,0.382954545454545,0.36,0.00961328013442349,50,"Pattern cycling"
84,55637590352500,1.689925e+13,332.25,317.5,32.7757532331448,17.5,20.5,10.847426730182,314.75,297,43.2155450426503,0.319167729591837,0.3375,0.364795918367347,0.236875,0.0564193023497505,0.339737650742115,0.360795454545455,0.399234693877551,0.238125,0.0702476326729422,51,"Pattern cycling"
129,14786487397372500,1.727077e+13,370,364,25.521232990068,37.75,44.5,27.378519560658,332.25,319.5,52.8984876910484,0.337469561688312,0.334090909090909,0.428571428571429,0.253125,0.0722162955701054,0.381619608070501,0.399431818181818,0.474489795918367,0.253125,0.092776764881997,52,"Pattern cycling"
95,19503329175000,1.869425e+13,362,353.5,73.015979986119,33,33.5,21.9544984001001,329,301.5,79.7621464104371,0.326134624304267,0.339030612244898,0.347727272727273,0.27875,0.0318791658401655,0.362494492115028,0.378142393320965,0.406818181818182,0.286875,0.0543240466986936,53,"Pattern cycling"
168,2.33134255915e+17,1.8835e+13,432.25,415.5,44.1691823182937,69,85.5,49.0374006923967,363.25,329.5,93.1284954601258,0.36189819109462,0.339204545454545,0.459183673469388,0.31,0.0663036853822785,0.442672773654917,0.457386363636364,0.545918367346939,0.31,0.0978014018433072,54,"Set pattern"
175,2.6929722219e+16,1.88602e+13,408.5,431,81.316255037559,57,52.5,39.6063967897443,351.5,342,87.4280656692499,0.349901727736549,0.338752319109462,0.435227272727273,0.286875,0.0619761382700584,0.413486491187384,0.418819573283859,0.518181818181818,0.298125,0.0965164291358662,55,"Pattern cycling"
53,2.32222028073e+18,1.928445e+13,450.25,435,50.5593710403917,79.25,93,58.3630876496438,371,342,108.833205717128,0.368204719387755,0.335539772727273,0.48469387755102,0.317045454545455,0.0785654658356587,0.460766175788497,0.470454545454545,0.576530612244898,0.325625,0.103107700115279,56,"Set pattern"
172,5.73432500127739e+22,2.199235e+13,484.5,477.5,50.6392469664916,84.5,89,74.2675344054633,400,385,124.405251764814,0.401663671150278,0.340653409090909,0.596938775510204,0.328409090909091,0.130327650899902,0.498729128014842,0.502840909090909,0.649234693877551,0.34,0.126375514927979,57,"Set pattern"
32,2.2339822e+14,2.54536e+13,386,363,79.9791639532864,35.75,34,32.7452286600659,350.25,301.5,99.867829321225,0.344492115027829,0.342045454545455,0.381377551020408,0.3125,0.0283974582724195,0.386786873840445,0.396022727272727,0.442602040816327,0.3125,0.061120044808192,58,"Pattern cycling"
133,39210511075000,3.618617e+13,329,299.5,73.4166193719106,1.5,1.5,0.577350269189626,327.5,298,73,0.326253768552876,0.338636363636364,0.355867346938776,0.271875,0.039060375310951,0.327737418831169,0.340340909090909,0.357142857142857,0.273125,0.0393089430444664,59,"Pattern cycling"
57,33729699500000,3.988305e+13,361,340,61.773780845922,32.25,32,11.295279249905,328.75,308.5,68.6118308554241,0.328256029684601,0.34719387755102,0.351136363636364,0.2675,0.040611318762142,0.363459241651206,0.386363636363636,0.399234693877551,0.281875,0.055360299484268,60,"Pattern cycling"
183,127614710730000,4.1573541e+13,328,339,69.0265649345719,15.5,14,4.43471156521669,312.5,321,67.982840972312,0.313489679962894,0.31942254174397,0.373863636363636,0.24125,0.0620844959874292,0.329730983302412,0.33957560296846,0.389772727272727,0.25,0.0671697244509223,61,"Pattern cycling"
59,5916029479750000,4.705125e+13,373.25,335.5,88.4246383462588,16,16,7.52772652709081,357.25,319,87.0990815106566,0.355117404916512,0.348863636363636,0.418367346938776,0.304375,0.04717630007539,0.371485099721707,0.367045454545455,0.436224489795918,0.315625,0.0498127676849138,62,"Pattern cycling"
184,4713457329175000,6.237415e+13,380.25,370.5,55.9009540765331,34.75,34.5,29.7363414023985,345.5,321,68.3203239648837,0.346937036178108,0.346590909090909,0.415816326530612,0.27875,0.0568816553619301,0.387397089517625,0.385795454545455,0.493622448979592,0.284375,0.086497609646409,63,"Pattern cycling"
89,7.569579e+13,6.51914e+13,376.25,341.5,99.8711670103038,23,20.5,7.52772652709081,353.25,314.5,103.374319828476,0.346403641001855,0.352864100185529,0.363636363636364,0.31625,0.0207818350806751,0.371097228664193,0.383870593692022,0.389772727272727,0.326875,0.0296823628220467,64,"Pattern cycling"
200,2.73298725e+14,6.58582e+13,444.5,420.5,77.4446038576392,79.5,91,46.1483116339771,365,309,118.17783210061,0.355918947124304,0.351136363636364,0.38265306122449,0.33875,0.019563631380095,0.44712517393321,0.477840909090909,0.48469387755102,0.348125,0.0661588797254477,65,"Pattern cycling"
195,1.287494325e+15,7.28651e+13,426.25,380,119.215141655748,52.25,44.5,26.0048072478917,374,332,134.345326180953,0.361570037105751,0.354204545454545,0.401136363636364,0.336734693877551,0.0276408809482458,0.419915352504638,0.420512523191095,0.463636363636364,0.375,0.0430130868659182,66,"Pattern cycling"
46,80109926500000,7.491755e+13,381.25,359.5,78.4320300217541,36,32.5,28.4370650149882,345.25,308.5,91.7764494119633,0.340682687847866,0.349234693877551,0.363636363636364,0.300625,0.0291728714332554,0.382227504638219,0.389227736549165,0.445454545454545,0.305,0.0622162058602847,67,"Pattern cycling"
63,3.47997725e+14,9.69373e+13,403.75,359,97.0957431267372,37.75,42,15.4569294061488,366,314.5,111.48990985735,0.358275452226345,0.357386363636364,0.385204081632653,0.333125,0.0212910227333074,0.400727910482375,0.407954545454545,0.443877551020408,0.343125,0.0423375738844175,68,"Pattern cycling"
39,4.22790285e+15,1.016166e+14,467.75,442.5,53.5560454103923,95.75,120.5,56.0260356144058,372,322,109.559724960103,0.365510204081633,0.35625,0.414540816326531,0.335,0.0345663673218124,0.47692254174397,0.499431818181818,0.566326530612245,0.3425,0.0950116465780066,69,"Set pattern"
97,4.73193055e+14,1.0746915e+14,392.75,361,76.7609926981146,34.5,37,24.6779253585061,358.25,313.5,95.3987246595397,0.353663903061224,0.35625,0.389030612244898,0.313125,0.0317106675541032,0.393910308441558,0.401704545454545,0.455357142857143,0.316875,0.0582328865266516,70,"Pattern cycling"
103,10779672153957500,1.3649005e+14,356.75,364.5,58.914486051112,14.5,14,3.69684550213647,342.25,349,61.5704203872823,0.346235505565863,0.353096011131725,0.425,0.25375,0.0714299436398634,0.361863114564007,0.374095547309833,0.438636363636364,0.260625,0.0751312193843575,71,"Pattern cycling"
72,1.3226808525e+16,1.51863e+14,409.75,388,109.210423800417,29,27,15.8745078663875,380.75,348,115.352719950593,0.372969619666048,0.362302875695733,0.427272727272727,0.34,0.0377135632131579,0.405224953617811,0.394654452690167,0.484090909090909,0.3475,0.0571383252249797,72,"Pattern cycling"
56,254758490540430,1.5301348e+14,297,293.5,32.5678778348646,4,4,2.3094010767585,293,289.5,30.886890422961,0.309931876159555,0.349153525046382,0.379545454545455,0.161875,0.101166904094128,0.314430368738404,0.354116419294991,0.386363636363636,0.163125,0.103788303574367,73,"Pattern cycling"
116,1.460679242564e+19,1.812958e+14,471,459,52.0064098613495,83.5,97.5,57.8186821018951,387.5,361.5,109.673758635935,0.385338010204082,0.353920454545455,0.505102040816326,0.328409090909091,0.0820222336024367,0.482228954081633,0.49375,0.602040816326531,0.339375,0.108580474428754,74,"Set pattern"
144,5.15155098522975e+20,1.9060685e+14,472.75,462.5,48.479377058704,74.25,85.5,57.6100396343091,398.5,377,106.083300602247,0.399172077922078,0.358522727272727,0.544642857142857,0.335,0.0981938514036253,0.485564703153989,0.494318181818182,0.618622448979592,0.335,0.116321259812628,75,"Set pattern"
48,3.4579165e+15,2.68267e+14,436.25,412,85.9045012402338,56,49,50.4645089807348,380.25,325,113.194154737189,0.373025858070501,0.368181818181818,0.411989795918367,0.34375,0.0285507592713732,0.438145871985158,0.447541743970315,0.5125,0.345,0.0729712125031887,76,"Pattern cycling"
92,568852400000786,2.996848e+14,317.5,354,122.304265393049,44.75,45.5,40.7379839134601,272.75,308.5,87.1947054967598,0.302271857606679,0.365340909090909,0.389030612244898,0.089375,0.142642499128766,0.353889436456401,0.42502319109462,0.476136363636364,0.089375,0.178099254313072,77,"Pattern cycling"
52,3.8034031e+14,3.227401e+14,372.25,325,130.727133118314,7.25,6.5,3.40342964277702,365,316,132.961147207245,0.35347866419295,0.363775510204082,0.381818181818182,0.304545454545455,0.0355394930744001,0.361623376623377,0.370568181818182,0.392857142857143,0.3125,0.0374236634248236,78,"Pattern cycling"
96,438001000510835,3.39037e+14,319.75,319.5,35.1982480624628,16.5,18,14.8211560502771,303.25,308.5,35.5469173534546,0.321811804267161,0.370953153988868,0.384090909090909,0.16125,0.107244090740744,0.336982258812616,0.383453153988868,0.402272727272727,0.17875,0.106158176026164,79,"Pattern cycling"
23,2.08001933325e+17,3.684674e+14,484,463.5,51.4003891035856,99.25,117,59.7683026360963,384.75,346.5,110.930533818842,0.379775336270872,0.360710227272727,0.457908163265306,0.339772727272727,0.0552009532401192,0.494758812615955,0.514772727272727,0.599489795918367,0.35,0.104508577905194,80,"Set pattern"
19,3908423051748000,3.75496e+14,336.5,336,8.06225774829855,7.5,8,1,329,328,8.86942313043338,0.341668599257885,0.370454545454545,0.413265306122449,0.2125,0.08862063730979,0.349702574211503,0.379545454545455,0.423469387755102,0.21625,0.091515577114714,81,"Pattern cycling"
86,1109432776500000,3.8377475e+14,392,377.5,78.3368793523629,35.25,20,33.9251627360381,356.75,324,86.3843157060354,0.354272669294991,0.359369202226345,0.397727272727273,0.300625,0.0435048865764096,0.392422309833024,0.41041280148423,0.436363636363636,0.3125,0.0554245178759755,82,"Pattern cycling"
123,1.068632345e+16,3.877435e+14,434.75,381.5,117.916283862747,44.5,40,11.8462370959446,390.25,331,121.192340242003,0.381924860853432,0.372727272727273,0.424744897959184,0.3575,0.0294499762577861,0.428933499536178,0.428409090909091,0.477040816326531,0.381875,0.0404197441135988,83,"Pattern cycling"
117,1.47431193155e+17,4.50346e+14,388,357,69.5317673201729,11.25,8,14.0326999065278,376.75,343,77.8433255541754,0.377611317254174,0.374431818181818,0.454081632653061,0.3075,0.0599560117480029,0.390395408163265,0.4,0.454081632653061,0.3075,0.061114797606993,84,"Pattern cycling"
163,6.02549615e+15,4.545355e+14,454,407,114.341593481987,73.25,75,22.0208234783958,380.75,351.5,110.656751563864,0.373701878478664,0.370187847866419,0.418181818181818,0.33625,0.0347661323983815,0.449285714285714,0.4625,0.482142857142857,0.39,0.0412670639662267,85,"Pattern cycling"
76,8557752916875000,4.789505e+14,366,342,52.1024631535465,16,13.5,12.9871731591854,350,332,40.1081870279207,0.356826878478664,0.374431818181818,0.42219387755102,0.25625,0.0708050333729531,0.371114332096475,0.384090909090909,0.438775510204082,0.2775,0.0675494679877291,86,"Pattern cycling"
177,4449919895832500,5.520875e+14,358.75,357.5,29.2617497767991,13.5,7.5,18.411952639522,345.25,330.5,33.4701359423591,0.353138044990724,0.375568181818182,0.414540816326531,0.246875,0.0733045148412519,0.368478954081633,0.406134044526902,0.414772727272727,0.246875,0.0814612267311289,87,"Pattern cycling"
80,9.1165503118306e+21,6.1708885e+14,497.5,491,51.2022134938194,86.5,95.5,67.1043962792305,411,395.5,118.222953214114,0.411433789424861,0.366988636363636,0.576530612244898,0.335227272727273,0.112072049840764,0.511339865491651,0.519886363636364,0.654336734693878,0.35125,0.124585325042605,88,"Set pattern"
65,1270329507275000,6.6706605e+14,361.75,343.5,60.5495664724364,12.25,13,9.46484724300046,349.5,326,68.6852725601833,0.350611955009276,0.361931818181818,0.397959183673469,0.280625,0.0535102482940693,0.365332502319109,0.376704545454545,0.427295918367347,0.280625,0.0641841855200485,89,"Pattern cycling"
18,710598001666915,7.62196e+14,334.5,346,37.7580013595353,21.75,22.5,18.8569173868194,312.75,316,28.371053323179,0.330166106215213,0.379962894248609,0.386363636363636,0.174375,0.103927771976735,0.356180426716141,0.407386363636364,0.434948979591837,0.175,0.121682923561279,90,"Pattern cycling"
185,1.375944525e+16,9.650285e+14,431.25,379.5,129.949669744354,27,26,13.9283882771841,404.25,353.5,139.203388368722,0.392153293135436,0.382602040816327,0.427272727272727,0.376136363636364,0.0237059117749704,0.422669005102041,0.418320964749536,0.465909090909091,0.388125,0.0367205431003725,91,"Pattern cycling"
33,233667779314823008,1.0865585e+15,381.25,380,31.5105802337353,36.5,29.5,36.9368831025756,344.75,342.5,10.9962114688045,0.360307282003711,0.383522727272727,0.459183673469388,0.215,0.103280037095513,0.402549860853432,0.453977272727273,0.487244897959184,0.215,0.127582110135537,92,"Pattern cycling"
114,3.0327945e+15,1.2305745e+15,412,360,130.659863768489,13,11.5,7.34846922834953,399,345.5,135.077755385556,0.387477098794063,0.383789424860853,0.407954545454545,0.374375,0.0153092933380111,0.401911525974026,0.406493506493506,0.415909090909091,0.37875,0.0164317492980283,93,"Pattern cycling"
110,7828015000004026,1.43288e+15,345.25,382.5,115.378724208582,48.75,60.5,28.5,296.5,322,87.141647142263,0.325553107606679,0.387128942486085,0.420454545454545,0.1075,0.14622339099298,0.381934427179963,0.459635899814471,0.496590909090909,0.111875,0.180885977804872,94,"Pattern cycling"
99,3.89450112e+15,1.5187862e+15,400,404.5,84.7152091815081,29.75,32,23.8938625313419,370.25,355,92.9027269065159,0.366733244434137,0.372472170686456,0.411363636363636,0.310625,0.045688279409795,0.400910540352505,0.414065398886827,0.463636363636364,0.311875,0.0722768051048408,95,"Pattern cycling"
194,2.27756251013609e+23,1.587445e+15,538.5,524.5,56.2997927764096,95,109.5,73.3257571844074,443.5,412,129.368981341484,0.442564065398887,0.388068181818182,0.612244897959184,0.381875,0.113181994711696,0.552732780612245,0.5625,0.70280612244898,0.383125,0.131025249634115,96,"Set pattern"
12,47449985672500000,1.6131125e+15,460.5,457.5,79.4250170496257,71,61,55.8211429478115,389.5,346,94.4757464467292,0.38676629174397,0.386931818181818,0.441326530612245,0.331875,0.0449742643915684,0.464959125695733,0.480855751391466,0.55,0.348125,0.084747848673334,97,"Pattern cycling"
61,3130124316600000,1.6489505e+15,362.25,355.5,48.2035614175274,5.5,2,7.68114574786861,356.75,346,50.4801941359183,0.361686572356215,0.386270871985158,0.407954545454545,0.26625,0.0647591832808243,0.367878304730983,0.39720547309833,0.410227272727273,0.266875,0.0676161046288273,98,"Pattern cycling"
9,9.1520345909725e+20,1.694465e+15,525.5,508,50.9411425078001,96.75,115,70.9806311609019,428.75,388.5,121.195090659647,0.425667033858998,0.388636363636364,0.551020408163265,0.374375,0.0838850921653866,0.538671440166976,0.558522727272727,0.663265306122449,0.374375,0.120218408793468,99,"Set pattern"
192,1.6387081035e+19,2.3231195e+15,428,382.5,115.899381649199,9,8.5,7.87400787401181,419,374,121.114271110661,0.413753478664193,0.388068181818182,0.506377551020408,0.3725,0.0628055754095335,0.424305136827458,0.400568181818182,0.522959183673469,0.373125,0.0670697521488457,100,"Pattern cycling"
77,1.83105335629e+20,2.391e+15,512.25,496.5,65.6423389792493,84.25,103.5,57.7833597730927,428,383,121.586731732263,0.423816384508349,0.392613636363636,0.533163265306122,0.376875,0.0733112052196059,0.522929325139147,0.528977272727273,0.656887755102041,0.376875,0.115113596667485,101,"Pattern cycling"
100,3.7068670925e+17,2.92861e+15,436.5,409,103.319891598859,27.75,21,30.6526235962492,408.75,357.5,112.5,0.403386769480519,0.394318181818182,0.464285714285714,0.360625,0.0437532904892872,0.435243506493507,0.433522727272727,0.508928571428571,0.365,0.0683164332829367,102,"Pattern cycling"
146,43043061366702496,2.9321215e+15,373.75,373,12.4465524008324,19.25,14.5,18.0254449783262,354.5,349,20.8566536146142,0.365751391465677,0.391477272727273,0.440051020408163,0.24,0.0872622203940451,0.387845547309833,0.421022727272727,0.466836734693878,0.2425,0.0996652229974639,103,"Pattern cycling"
141,3.957411125e+17,3.01964e+15,457.75,368.5,208.722103924493,21.25,19.5,9.53502316025854,436.5,345.5,205.647757099366,0.411727736549165,0.395500927643785,0.465,0.390909090909091,0.0355938500743296,0.433166454081633,0.423179499072356,0.480625,0.405681818181818,0.0334487220040459,104,"Pattern cycling"
166,1.21320275e+16,3.03156e+15,454,381,164.5255805845,47,42,39.1492869241148,407,345.5,131.608003809292,0.396868042671614,0.392613636363636,0.424744897959184,0.3775,0.0210848590545511,0.438897553339518,0.44484056122449,0.454545454545455,0.411363636363636,0.0200042696514965,105,"Pattern cycling"
68,2.05407828202577e+20,3.656405e+15,421.75,409.5,68.704075570522,56.75,25,74.2894115380292,365,351,36.587793957366,0.384987534786642,0.394318181818182,0.534438775510204,0.216875,0.130303375385361,0.428474605751391,0.422727272727273,0.54719387755102,0.32125,0.0939755679391544,106,"Pattern cycling"
151,2.057594e+16,3.84411e+15,442.25,409.5,109.063819237484,36,23,36.3959704729338,406.25,350,120.657573322191,0.398362998608534,0.397727272727273,0.431122448979592,0.366875,0.0263864090106374,0.438678107606679,0.439969851576994,0.502272727272727,0.3725,0.053834490667481,107,"Pattern cycling"
74,25357145275300000,3.908025e+15,379.5,367,38.828683555674,12,8.5,8.75595035770913,367.5,350.5,41.3158565202272,0.374597344619666,0.398295454545455,0.433673469387755,0.268125,0.0729277278428136,0.38777974257885,0.417045454545455,0.44515306122449,0.271875,0.0789447809153505,108,"Pattern cycling"
135,3.1631542775e+17,3.92332e+15,517.25,506.5,47.176088576029,106.75,133.5,72.8623130751877,410.5,373,118.685859871062,0.403484751855288,0.394782003710575,0.4625,0.361875,0.043004776408781,0.530357432745826,0.575568181818182,0.608418367346939,0.361875,0.11528996365844,109,"Pattern cycling"
81,2.4032105e+16,4.284435e+15,445,373,171.712938747589,18.5,20.5,6.65832811847939,426.5,351.5,178.027151487257,0.407011827458256,0.399431818181818,0.4325,0.396683673469388,0.0170477412653825,0.427649292671614,0.425440630797774,0.438125,0.421590909090909,0.00723806876987344,110,"Pattern cycling"
178,2.338242575e+17,4.622015e+15,459.5,407,150.752556639459,34.75,34.5,7.36545993132812,424.75,372,149.776221966862,0.411484809833024,0.400242346938775,0.459090909090909,0.386363636363636,0.0324151750279164,0.447844387755102,0.433188775510204,0.509090909090909,0.415909090909091,0.0425404644416779,111,"Pattern cycling"
145,4.2978239462e+17,4.872924e+15,394,371,89.397986554508,1.25,0,2.5,392.75,368.5,90.5809950633502,0.391728316326531,0.389877087198516,0.465909090909091,0.32125,0.0609524489746616,0.393148770871985,0.392717996289425,0.465909090909091,0.32125,0.0603903447809404,112,"Pattern cycling"
47,22342834882500000,5.08463e+15,424.5,411.5,69.8116513675666,40.25,33.5,18.8745860881769,384.25,361.5,77.980232537911,0.384463416048237,0.398330241187384,0.431818181818182,0.309375,0.0529521288002598,0.428095721243043,0.459288033395176,0.468181818181818,0.325625,0.068734803703442,113,"Pattern cycling"
15,5.77976155e+15,5.28826e+15,404.75,377.5,88.3114752830382,20,19.5,6.97614984548545,384.75,353.5,87.3093160359573,0.382730461502783,0.399466604823748,0.411363636363636,0.320625,0.0422188385301776,0.403318355751391,0.42359693877551,0.432954545454545,0.333125,0.0470169825782636,114,"Pattern cycling"
158,4.3242856795e+16,5.39009e+15,434.25,408,96.1747541371088,44.5,49,27,389.75,368,81.850982482395,0.389400220315399,0.401101576994434,0.439772727272727,0.315625,0.0525823428408039,0.432481447124304,0.449849257884972,0.472727272727273,0.3575,0.0512813615221748,115,"Pattern cycling"
171,27013937500307716,5.427475e+15,357.75,358.5,31.4046174948844,33,24.5,27.8687399547713,324.75,334,58.4372883240373,0.348020350185529,0.401182745825603,0.434090909090909,0.155625,0.129250500718325,0.377498550556586,0.431389146567718,0.446590909090909,0.200625,0.118344772716633,116,"Pattern cycling"
20,4.07775353274717e+21,7.0471955e+15,516,507,51.3679536935886,91.5,103,70.2068372738724,424.5,404,121.439971453664,0.423079487476809,0.3890625,0.567602040816326,0.346590909090909,0.100250045276406,0.529700544990723,0.544318181818182,0.664540816326531,0.365625,0.123876594773271,117,"Set pattern"
122,11749650000510836,9.27615e+15,361.5,382,73.6183853848118,36,45,25.0333111406914,325.5,337,48.7818272173836,0.348174281076067,0.405496289424861,0.420454545454545,0.16125,0.124976616476311,0.390405264378479,0.459276437847866,0.481818181818182,0.16125,0.153152451044403,118,"Pattern cycling"
147,2441719657551748096,1.0339315e+16,362.5,353,48.0312398340913,1,1,0,361.5,352,48.0312398340913,0.378287337662338,0.407711038961039,0.485227272727273,0.2125,0.116509396448105,0.37933064703154,0.408916975881262,0.486363636363636,0.213125,0.116761379558001,119,"Pattern cycling"
3,89153338127500000,1.2581835e+16,458,444.5,51.4910995545185,60,73,41.2795348811006,398,359.5,87.9128356195309,0.396854997680891,0.404545454545455,0.447704081632653,0.330625,0.0498739377883943,0.467680600649351,0.497727272727273,0.544642857142857,0.330625,0.0966102736179889,120,"Pattern cycling"
49,59506929672500000,1.43650005e+16,410.5,379.5,87.3097932651315,17.25,15.5,9.63932916061417,393.25,358.5,93.6531722189199,0.391062442022263,0.394886363636364,0.442602040816327,0.331875,0.0499873054984582,0.410685586734694,0.4125,0.480867346938776,0.336875,0.0614068429444185,121,"Pattern cycling"
73,2.3749736e+16,2.1007925e+16,449.75,431,116.754371795378,35.5,36.5,24.3378991150291,414.25,374.5,125.462809894672,0.405236259276438,0.410273654916512,0.427272727272727,0.373125,0.0254090849579814,0.444634450371058,0.452933673469388,0.492045454545455,0.380625,0.0543826845032592,122,"Pattern cycling"
189,158218903396500000,2.202625e+16,399.75,385,41.7402683268807,14.5,11,8.42614977317636,385.25,366.5,44.9249373956158,0.392384044526902,0.416477272727273,0.454081632653061,0.2825,0.075485895958836,0.40812818877551,0.4375,0.469387755102041,0.288125,0.0814866628884119,123,"Reactive meandering"
82,2.320871e+16,2.2066935e+16,517.25,498,74.0602232420796,95.25,109.5,72.8440114216673,422,365.5,134.924670341145,0.411519306586271,0.415340909090909,0.426020408163265,0.389375,0.0167230209399814,0.525393378942486,0.539772727272727,0.63265306122449,0.389375,0.103333316767867,124,"Pattern cycling"
131,3.32403099075e+18,2.2605895e+16,413,403,96.5401470891774,1.25,1,0.5,411.75,402,96.112347455118,0.410217126623377,0.408928571428571,0.488636363636364,0.334375,0.0643467359599239,0.411416685992579,0.410134508348794,0.489772727272727,0.335625,0.0642895937017365,125,"Pattern cycling"
66,4.1215095125e+16,2.27708e+16,438.25,417.5,82.0421639565088,34.25,39.5,21.6544837543329,404,367,98.964640149904,0.400490201762523,0.411236085343228,0.436363636363636,0.343125,0.0415274758354091,0.439849837662338,0.46112012987013,0.490909090909091,0.34625,0.064012679637517,126,"Pattern cycling"
160,4.63986961275e+18,2.3500275e+16,493,471,95.2260468569393,64.75,47,53.7858407637797,428.25,379.5,112.417006423999,0.423882189239332,0.415340909090909,0.49234693877551,0.3725,0.0503942192238898,0.496040700371058,0.505774582560297,0.586363636363636,0.38625,0.0879927259237308,127,"Pattern cycling"
106,5.3782753594e+17,2.6712145e+16,462,421,99.4518308864481,59.75,54,50.8224031964907,402.25,394,92.7087734071952,0.400770524118738,0.404325139146568,0.468181818181818,0.32625,0.0610356323792322,0.461488288497217,0.467045454545455,0.530612244897959,0.38125,0.0628733211035015,128,"Pattern cycling"
13,1.43816015209836e+23,2.99799e+16,534.75,522.5,55.0900777515032,77.75,86,61.6191258187478,457,423.5,114.078920050989,0.457765827922078,0.421022727272727,0.607142857142857,0.381875,0.101281244024313,0.548170512523191,0.564204545454545,0.682397959183674,0.381875,0.124707754810867,129,"Pattern cycling"
108,5.285108e+16,3.02945e+16,464.5,422.5,119.321694032002,35.75,33.5,23.9913178740421,428.75,370.5,134.752550996261,0.418642741187384,0.421022727272727,0.438775510204082,0.39375,0.0186379234362617,0.459160772263451,0.469202226345083,0.498863636363636,0.399375,0.0427208168181765,130,"Pattern cycling"
186,2.88851617590177e+21,3.23437375e+16,484.25,481.5,44.3950072267892,64.5,71.5,50.4942240921342,419.75,410,94.6022374647309,0.423330241187384,0.396022727272727,0.563775510204082,0.3375,0.101374965699063,0.498399814471243,0.513636363636364,0.628826530612245,0.3375,0.121382261609941,131,"Set pattern"
7,4.5836324325e+17,6.19506e+16,450.5,415,104.755270352697,25.75,27,3.947573094109,424.75,388,108.644297288598,0.420129290352505,0.425429035250464,0.465909090909091,0.36375,0.0428635345880598,0.447842648423006,0.459264842300557,0.496590909090909,0.37625,0.0519104691378142,132,"Pattern cycling"
24,1.4431738075e+17,6.261307e+16,442.5,409.5,120.106896832225,18.25,17.5,6.13052471924984,424.25,390.5,122.431953890042,0.416390306122449,0.419712430426716,0.451136363636364,0.375,0.0341420771276137,0.435907061688312,0.446672077922078,0.465909090909091,0.384375,0.0384825211495179,133,"Pattern cycling"
105,552894553762499968,6.340335e+16,418.5,401,65.9570567364352,17,8.5,18.0554700852678,401.5,375.5,65.2916533716217,0.405351924860853,0.421022727272727,0.468112244897959,0.31125,0.0677147574108054,0.423635204081633,0.445338589981447,0.486363636363636,0.3175,0.0777853327894792,134,"Pattern cycling"
173,3.26926502975e+19,7.23331e+16,471.75,423.5,103.112802308928,25.5,30,17.2143351115671,446.25,392.5,119.759133263397,0.441220721243043,0.430113636363636,0.514030612244898,0.390625,0.0520883201928437,0.47104417903525,0.471590909090909,0.549744897959184,0.39125,0.0647150024831676,135,"Pattern cycling"
165,3.35448679525e+18,8.33962e+16,473.25,466,100.343991681947,38.75,34,32.0039060116105,434.5,406.5,109.916635077074,0.430140016233766,0.431899350649351,0.488636363636364,0.368125,0.0493153983518496,0.474613288497217,0.472692486085343,0.581818181818182,0.37125,0.086073988992801,136,"Pattern cycling"
111,2.21718006303654e+24,1.259135e+17,501.75,503.5,143.590563756815,35,36,22.8910462845192,466.75,463,128.162331959641,0.466693819573284,0.429325139146568,0.6375,0.370625,0.117785612169636,0.5031165932282,0.455693413729128,0.707954545454546,0.393125,0.142455390451376,137,"Pattern cycling"
115,2.44407934065202e+20,1.963668e+17,433.75,428.5,77.0081164553451,9,9,0,424.75,419.5,77.0081164553451,0.429972170686456,0.433012523191095,0.536363636363636,0.3175,0.0903650286280337,0.439361955009276,0.443865955473098,0.546590909090909,0.323125,0.0923766218402413,138,"Reactive meandering"
127,4.08638312175e+17,2.94229e+17,497.25,468.5,85.4766049863938,76,83,25.0199920063936,421.25,392.5,79.9181873334641,0.422344909554731,0.446022727272727,0.460459183673469,0.336875,0.0574317652047226,0.501506841372913,0.515909090909091,0.585459183673469,0.38875,0.0849795150675264,139,"Pattern cycling"
36,3838967194882500096,3.2273375e+17,462.5,448.5,45.8148447558212,50,51.5,15.9791530856092,412.5,392,56.2642574523708,0.418826820500928,0.438068181818182,0.489795918367347,0.309375,0.0781020163347929,0.47317775974026,0.509659090909091,0.544642857142857,0.32875,0.0990275178850272,140,"Pattern cycling"
101,4.0295548281e+17,3.4354e+17,458.75,439,45.959221055192,41,42,31.0590834807897,417.75,395.5,74.3297831738171,0.419948689703154,0.446289424860853,0.459090909090909,0.328125,0.0617422240218868,0.468997275046382,0.497159090909091,0.552295918367347,0.329375,0.0968925404317273,141,"Pattern cycling"
25,1.90606873325e+19,3.442065e+17,485.25,445,113.014379616047,29.25,23,20.3531324370476,456,418.5,124.056438768812,0.449572993970315,0.447356215213358,0.507954545454545,0.395625,0.0460560202521358,0.48300469619666,0.49166280148423,0.544318181818182,0.404375,0.0638063595721332,142,"Pattern cycling"
43,3.941685225e+17,3.660171e+17,516.75,472.5,97.0545379327177,68.5,81.5,43.4702963719672,448.25,391,138.447041620012,0.438185876623377,0.44301948051948,0.457954545454545,0.40875,0.0231548006333336,0.518587082560297,0.536931818181818,0.586734693877551,0.41375,0.0738006478172635,143,"Pattern cycling"
188,2.54507518962948e+24,3.79239095e+17,464.5,462.5,84.2318229649578,11.5,11,8.18535277187245,453,451.5,92.2207496535713,0.461121289424861,0.428977272727273,0.639030612244898,0.3475,0.126725730896529,0.473852040816327,0.45,0.645408163265306,0.35,0.125532054172855,144,"Pattern cycling"
179,2.43081155e+18,4.447205e+17,486.5,444,131.251666656085,23.75,29.5,16.5403546918841,462.75,413.5,146.588710342918,0.451374942022263,0.449141929499072,0.484090909090909,0.423125,0.0255858470208357,0.479546324211503,0.485030148423006,0.525,0.423125,0.0420765630150427,145,"Pattern cycling"
62,1.03306995e+20,4.730445e+17,520.5,480.5,96.6867795168157,53.75,60,36.3260696103134,466.75,406.5,129.077173298251,0.46038961038961,0.451136363636364,0.526785714285714,0.4125,0.0479456162349828,0.522940630797774,0.538636363636364,0.599489795918367,0.415,0.0790570486292075,146,"Pattern cycling"
58,7.32528144925e+19,4.870005e+17,564.75,557.5,111.3144944141,104.5,89.5,75.1021526544568,460.25,406,119.449780242577,0.455583545918367,0.45,0.522959183673469,0.399375,0.0511670609338356,0.567880623840445,0.573005565862709,0.688636363636364,0.436875,0.103045860985616,147,"Pattern cycling"
2,5.827137821925e+19,5.12704702e+17,502.25,485,48.037311887046,71.5,78.5,53.2822672190289,430.75,406.5,100.340669720707,0.430428745361781,0.421590909090909,0.520408163265306,0.358125,0.0740852642333652,0.514426890074211,0.539204545454545,0.621173469387755,0.358125,0.111414501633296,148,"Pattern cycling"
130,1.07950001985e+20,5.1664623e+17,531.5,519.5,111.965768578317,72.75,81,33.7774579663223,458.75,434.5,142.845779309949,0.448877551020408,0.433863636363636,0.527272727272727,0.400510204081633,0.0586689066451097,0.531366245361781,0.548272263450835,0.604545454545454,0.424375,0.0794287233821743,149,"Pattern cycling"
137,1.42703753694598e+25,7.38005e+17,582.75,582,33.2402868018112,97.25,108,78.1339661521586,485.5,460.5,107.121426428143,0.48988172541744,0.455681818181818,0.658163265306122,0.39,0.116441151608257,0.602828153988868,0.636931818181818,0.747448979591837,0.39,0.152017609800663,150,"Pattern cycling"
78,23728136250005438464,1.0952725e+18,384.5,389.5,61.4735715572147,7.25,5,7.8049129826454,377.25,380,61.9751294203301,0.403072820037106,0.457282003710575,0.510227272727273,0.1875,0.146074837472092,0.410323515769944,0.468147031539889,0.5125,0.1925,0.146713142247277,151,"Pattern cycling"
139,9.1171575037784e+21,1.2150075e+18,449.25,451,13.865424623862,21.75,19,15.3920975395385,427.5,432,29.2289810519172,0.443734925788497,0.457954545454546,0.576530612244898,0.2825,0.121442695700783,0.467613346474954,0.497159090909091,0.588010204081633,0.288125,0.127133799947018,152,"Set pattern"
149,2.382046642225e+19,1.279601e+18,462.25,433.5,101.424438212231,9,8,8.24621125123532,453.25,419.5,107.422452649962,0.450386711502783,0.45628478664193,0.510227272727273,0.37875,0.0551533055770376,0.460892277365492,0.472750463821892,0.519318181818182,0.37875,0.0592615164071868,153,"Pattern cycling"
138,3.566349570175e+18,1.287994e+18,459.25,434,81.549064985443,42.25,42.5,8.42120339777319,417,398,82.4378553820998,0.419140769944341,0.428409090909091,0.487244897959184,0.3325,0.0726916760757134,0.462790758348794,0.476136363636364,0.538265306122449,0.360625,0.0782585625464064,154,"Pattern cycling"
98,5.841821855475e+18,1.30017385e+18,433.25,402,85.9432952591416,1.75,1.5,0.957427107756338,431.5,400.5,85.0352867931896,0.43272379406308,0.444886363636364,0.493622448979592,0.3475,0.0647432397638853,0.434363694341373,0.446590909090909,0.494897959183673,0.349375,0.0646856603253408,155,"Pattern cycling"
22,2.929955875e+19,1.6317125e+18,500,450.5,147.92565700378,19,15,10.3923048454133,481,427.5,150.552316488322,0.469775916048237,0.464239332096475,0.5125,0.438125,0.0313126592015015,0.490458893784787,0.482537105751391,0.551136363636364,0.445625,0.0447578986649613,156,"Pattern cycling"
88,8321100008225750016,1.98375e+18,444.5,442,14.1774468787578,34,34,4.89897948556636,410.5,411,16.5227116418583,0.425072472170686,0.467045454545455,0.497448979591837,0.26875,0.105232726900201,0.460753710575139,0.502272727272727,0.548469387755102,0.29,0.115900139766075,157,"Pattern cycling"
142,11382735215664750592,2.32972e+18,434.5,435.5,53.0314372173085,7,6,6,427.5,427.5,50.6129100790171,0.436175788497217,0.469283395176252,0.501136363636364,0.305,0.0887354386857386,0.442921498144712,0.478513450834879,0.503409090909091,0.31125,0.0887936884400618,158,"Pattern cycling"
29,5.91186626775e+18,2.56761e+18,450.5,415,90.7248587764125,3,2.5,2.16024689946929,447.5,412.5,88.6660400980368,0.447930484693878,0.46875,0.49234693877551,0.361875,0.0586611662409574,0.450607316790352,0.471590909090909,0.493622448979592,0.365625,0.057785477332654,159,"Pattern cycling"
85,1.3164525200551e+19,5.8933004e+18,401.75,382,39.5,5,0,10,396.75,382,29.5,0.415305542671614,0.460667903525046,0.501136363636364,0.23875,0.121198116468105,0.420987360853432,0.460667903525046,0.523863636363636,0.23875,0.126958980190988,160,"Pattern cycling"
164,1.68580775e+19,5.931755e+18,514.5,535.5,67.9926466612383,167.5,135,136.275456337522,347,397,133.910417817286,0.388360969387755,0.477574211502783,0.504545454545455,0.09375,0.196904242633806,0.534070616883117,0.586607142857143,0.644318181818182,0.31875,0.151896711143025,161,"Pattern cycling"
191,22953555619048251392,8.1314609925e+18,441.5,473,90.3124207035407,29,22,21.2602916254693,412.5,439.5,81.9369676438338,0.417834531539889,0.432316790352505,0.507954545454545,0.29875,0.0993115125412801,0.448416628014842,0.451890074211503,0.576136363636364,0.31375,0.11549421252644,162,"Pattern cycling"
124,2.05313949275e+20,1.24812005e+19,489.5,464,133.102717227461,7,3.5,8.04155872120988,482.5,453,134.147928298079,0.474956516697588,0.473492578849722,0.534090909090909,0.41875,0.0504149153371339,0.48279452690167,0.47774814471243,0.555681818181818,0.42,0.0583048590333766,163,"Pattern cycling"
79,2.05378090125e+19,1.6627823e+19,503.5,410,218.744142778727,18.75,17.5,4.5,484.75,393,214.557490353207,0.461541917903525,0.473794063079777,0.503125,0.395454545454545,0.0504644296813442,0.480313659554731,0.492329545454545,0.522959183673469,0.413636363636364,0.0514760344983923,164,"Reactive meandering"
132,1.0636970225e+20,1.8242665e+19,578.5,573.5,113.942968190231,83.5,79,67.0596749171959,495,443.5,141.837935687178,0.486194631261596,0.489633580705009,0.526136363636364,0.439375,0.036208808885125,0.582516813543599,0.584067717996289,0.718181818181818,0.44375,0.112054632163844,165,"Pattern cycling"
93,9.37813e+19,2.6578e+19,551,513,162.949890048035,38.5,18.5,48.1144468948776,512.5,446.5,170.693682757545,0.498224431818182,0.495454545454545,0.523863636363636,0.478125,0.0193047733658621,0.540428165584416,0.529464285714286,0.615909090909091,0.486875,0.0567131850573372,166,"Pattern cycling"
11,5.548527092225e+19,3.361221e+19,473.5,443,93.3862944976403,3,3,0,470.5,440,93.3862944976403,0.470963010204082,0.494596474953618,0.515909090909091,0.37875,0.062878731332531,0.474092938311688,0.498214285714286,0.519318181818182,0.380625,0.0637046538860584,167,"Plowing"
45,5.28724668129775e+23,3.433625e+19,492.75,503,78.6823783744916,13,14,6.83130051063973,479.75,493,78.8727878717791,0.489180484693878,0.497878014842301,0.621590909090909,0.339375,0.115739194455535,0.503859288033395,0.514621985157699,0.644318181818182,0.341875,0.124226156012981,168,"Pattern cycling"
120,2.855079453175e+24,5.403325e+19,598.75,571.5,167.087551900194,55,47.5,61.2807745817017,543.75,465.5,185.478435404227,0.530914598794063,0.4990625,0.64030612244898,0.485227272727273,0.0738248657710731,0.597275046382189,0.551136363636364,0.795918367346939,0.490909090909091,0.139063509146879,169,"Pattern cycling"
44,3.544018911275e+20,5.82114e+19,502.25,462,93.9197352352884,14.25,12.5,14.9303940559741,488,444,102.508536229916,0.48731418135436,0.504545454545455,0.539540816326531,0.400625,0.0601656405756382,0.504237882653061,0.525,0.566326530612245,0.400625,0.0734827530514321,170,"Pattern cycling"
109,1.11691512031782e+20,7.7366524e+19,443,460,40.0499687890016,22.25,16.5,13.3759734848222,420.75,432,42.5626988492663,0.434347750463822,0.465340909090909,0.522959183673469,0.28375,0.111903384411721,0.459303107606679,0.484090909090909,0.576530612244898,0.2925,0.12563202866541,171,"Pattern cycling"
41,1.5244016559175e+20,9.874625e+19,484.75,472.5,70.2299793535496,11.5,9,13.8924439894498,473.25,449.5,73.87545826141,0.477875405844156,0.510795454545454,0.526785714285714,0.363125,0.0768833403641557,0.490943587662338,0.528165584415584,0.544318181818182,0.363125,0.0855593377351723,172,"Pattern cycling"
180,1.3290725e+20,1.19798e+20,394.75,478.5,218.483218272403,48.75,50.5,39.7607427831356,346,428,183.035515679335,0.398111955009276,0.511931818181818,0.522959183673469,0.045625,0.235085874391886,0.454831574675325,0.574918831168831,0.623863636363636,0.045625,0.273793182777619,173,"Pattern cycling"
60,1.26923025e+20,1.2476705e+20,376.25,441,165.767658687292,17,19,12.8840987267251,359.25,421.5,153.463079164556,0.404372970779221,0.505762987012987,0.521590909090909,0.084375,0.21379920558592,0.424212952226345,0.528965677179963,0.554545454545455,0.084375,0.227395878473009,174,"Pattern cycling"
4,1.45606865014447e+20,1.3279873e+20,473,470.5,21.3697605664328,40.25,40,1.5,432.75,430.5,22.7504578708503,0.449739100185529,0.500046382189239,0.523863636363636,0.275,0.118358480882379,0.491952980055659,0.546590909090909,0.575255102040816,0.299375,0.130292572337303,175,"Pattern cycling"
69,2.91604200228159e+20,1.421459e+20,542.75,533.5,58.1456504535521,90.75,98,59.027535947217,452,465,43.7721372564786,0.464654162801484,0.508882189239332,0.535227272727273,0.305625,0.107247530246068,0.569758522727273,0.634090909090909,0.697727272727273,0.313125,0.173857573021377,176,"Pattern cycling"
150,3.8895777425375e+23,1.755485075e+20,445.5,453.5,93.4897498837885,32,28,29.9332590941915,413.5,401.5,109.515600106408,0.442501449443414,0.479974489795918,0.618181818181818,0.191875,0.183066708939183,0.478301542207792,0.544074675324675,0.618181818181818,0.206875,0.184832253542759,177,"Pattern cycling"
55,5.370709275e+21,1.8445655e+20,554,499,183.06829326784,16.75,17.5,12.5266382827424,537.25,481.5,174.814902110775,0.523129928107607,0.513845083487941,0.570454545454545,0.494375,0.0338606200975741,0.53872362012987,0.533210227272727,0.579545454545455,0.508928571428571,0.0342799549752641,178,"Pattern cycling"
64,3.16246586608e+21,5.4793045e+20,516.75,495.5,79.0753859722902,23,21,20.9443707632067,493.75,457.5,92.6224414851318,0.495915468460111,0.513068181818182,0.563775510204082,0.39375,0.0748888661987314,0.52379116419295,0.536931818181818,0.627551020408163,0.39375,0.0997260044840403,179,"Pattern cycling"
112,4.04946535125e+23,6.39939e+20,568,473,209.599618320263,11.75,11,5.61990510002912,556.25,465.5,205.06320163956,0.538774930426716,0.522784090909091,0.618622448979592,0.490909090909091,0.0568272212205093,0.549906945732839,0.533835227272727,0.626275510204082,0.505681818181818,0.0543703741366918,180,"Pattern cycling"
107,1.37672300008996e+22,1.03031000157529e+21,470.25,490.5,57.5115930342164,42.5,21.5,59.8693020949245,427.75,469,117.380790591987,0.435606737012987,0.432008928571429,0.580681818181818,0.297727272727273,0.147711676394579,0.48539801716141,0.511363636363636,0.599489795918367,0.319375,0.131071257502133,181,"Set pattern"
136,1.526018425e+21,1.1667155e+21,572.5,491,215.404271081146,21.75,18,15.7347810068438,550.75,459.5,223.119362673884,0.52708082096475,0.529104823747681,0.55125,0.498863636363636,0.0253191541220328,0.551493216604824,0.545031887755102,0.595454545454545,0.520454545454546,0.0326798772747746,182,"Pattern cycling"
71,1.44716925001711e+21,1.2247285e+21,491.75,496.5,30.772011092333,37.5,38,11.5614301306831,454.25,453,24.7032386540712,0.474413555194805,0.53538961038961,0.55,0.276875,0.132088600557773,0.511307397959184,0.570512523191095,0.595454545454545,0.30875,0.135578730801259,183,"Pattern cycling"
140,1.24141532500625e+22,3.2323065e+21,482.25,487,51.0449148626318,13.5,13.5,11.6189500386223,468.75,478,42.9369693077345,0.487359114100186,0.539888682745826,0.578409090909091,0.29125,0.132716251142475,0.50301310296846,0.555855751391466,0.609090909090909,0.29125,0.144450888340518,184,"Pattern cycling"
16,4.04341975e+21,3.319965e+21,605.5,522,203.090291906498,46,42,20.7203603572267,559.5,485,183.99728258863,0.544436166512059,0.547878014842301,0.561363636363636,0.520625,0.018021610431845,0.588500985621521,0.585609925788497,0.615909090909091,0.566875,0.0237695537022081,185,"Pattern cycling"
54,5.2811565463e+21,4.242095e+21,523,493.5,107.247377590317,0,0,0,523,493.5,107.247377590317,0.522658569109462,0.55136827458256,0.564772727272727,0.423125,0.0668042689552258,0.522658569109462,0.55136827458256,0.564772727272727,0.423125,0.0668042689552258,186,"Pattern cycling"
152,4.505158952375e+21,4.41967e+21,520.25,485,102.831172316569,0,0,0,520.25,485,102.831172316569,0.520718054267161,0.551136363636364,0.561224489795918,0.419375,0.0679576050780061,0.520718054267161,0.551136363636364,0.561224489795918,0.419375,0.0679576050780061,187,"Pattern cycling"
156,1.272655839675e+25,1.114552e+22,580.75,509.5,163.552998545833,2,1,2,578.75,508.5,164.392568769597,0.570244666048237,0.554545454545455,0.656887755102041,0.515,0.062070193701143,0.572424339053803,0.557954545454545,0.658163265306122,0.515625,0.0615575044759128,188,"Pattern cycling"
83,3.02414599780825e+24,1.9341595e+22,575,540,126,18,18,0,557,522,126,0.555098562152134,0.560992578849722,0.640909090909091,0.4575,0.0762479857853189,0.573878130797774,0.582699443413729,0.661363636363636,0.46875,0.0804675929720474,189,"Pattern cycling"
94,1.2113361890525e+24,3.60416066e+22,605,493.5,281.314770319655,26.25,21,18.2460041287583,578.75,461.5,292.370056606349,0.542002261131725,0.536305658627087,0.630625,0.464772727272727,0.0784222622060951,0.571306528293135,0.562186920222635,0.638125,0.522727272727273,0.0568077158757764,190,"Pattern cycling"
176,2.55164000246102e+23,1.48361e+23,708.75,701,80.834707892093,175.5,171,38.6910842443062,533.25,521,56.9056236236806,0.544227446660482,0.592045454545455,0.60969387755102,0.383125,0.107727369308426,0.724331806586271,0.774373840445269,0.845454545454545,0.503125,0.152787061623727,191,"Pattern cycling"
181,3.6656125e+23,4.236645e+23,468.25,509.5,124.679255157651,11.25,7.5,13.1497781983829,457,502,116.054584858448,0.498721880797774,0.603153988868275,0.607954545454545,0.180625,0.212097763317876,0.51185383812616,0.612372448979592,0.642045454545455,0.180625,0.221261847130353,192,"Pattern cycling"
104,4.9514470725e+23,4.68153565e+23,643,567,232.747359455125,36.25,33,31.7004206070939,606.75,512.5,254.858620938486,0.578559253246753,0.582386363636364,0.61375,0.535714285714286,0.0404847116735051,0.620842126623377,0.627642045454545,0.647727272727273,0.580357142857143,0.0305851367714612,193,"Pattern cycling"
143,3.18603195031823e+27,8.13893555e+23,600.75,566.5,140.616203428576,2.25,1,2.5,598.5,563,140.196290963777,0.596885725881262,0.589993042671614,0.718181818181818,0.489375,0.0966188424715948,0.599349489795918,0.591198979591837,0.725,0.49,0.0992059912934911,194,"Pattern cycling"
196,5.6173349577555e+30,1.9678385e+25,752.75,735.5,189.419068029946,67,71,43.058100283222,685.75,632,205.457822111174,0.673287337662338,0.643506493506494,0.801136363636364,0.605,0.0874059919345899,0.748293135435993,0.727040816326531,0.921590909090909,0.6175,0.127927756951458,195,"Pattern cycling"
161,1.9321585e+25,2.096295e+25,771.75,670.5,248.872624716607,102.75,103,6.18465843842649,669,563.5,248.680517934156,0.644979128014842,0.646776437847866,0.65,0.636363636363636,0.0062711652976161,0.752005449907236,0.761931818181818,0.770408163265306,0.71375,0.0265098825366868,196,"Pattern cycling"
125,1.14084555076589e+27,3.12811015e+25,590.5,569,68.4227057829977,2,2,0,588.5,567,68.4227057829977,0.600195095083488,0.632386363636364,0.706632653061224,0.429375,0.121116032066431,0.602281713821892,0.634659090909091,0.709183673469388,0.430625,0.121678416281835,197,"Pattern cycling"
128,7.3527425e+26,7.262905e+26,796,685.5,265.167871356995,87,84,9.01849950564579,709,592.5,267.742413524641,0.682760609925788,0.684299628942486,0.693125,0.669318181818182,0.0114252834867677,0.77392422309833,0.778977272727273,0.793367346938776,0.744375,0.0229999626212945,198,"Pattern cycling"
119,7.436229975e+27,4.24140995e+27,466.25,582.5,282.84079738727,10.5,10,12.1518174223721,455.75,568,276.818081056856,0.529177295918367,0.680797773654916,0.723863636363636,0.03125,0.333650839300911,0.541804846938776,0.698666512059369,0.738636363636364,0.03125,0.341511274490984,199,"Pattern cycling"
157,2.6133000759768e+32,2.5015195e+28,763.75,605.5,409.681481966987,11.25,10,5.31507290636732,752.5,595.5,404.795009850665,0.701521915584416,0.714691558441558,0.84375,0.532954545454545,0.128656828610416,0.712248376623377,0.726542207792208,0.855,0.540909090909091,0.130436980923503,200,"Pattern cycling"
